,Map,Shield,Grid,coll_train,acc_0_train,inter_0_train,acc_1_train,inter_1_train
6400,SUNY,1,0,0.0,-1406.5,67.9,-1444.3,60.7
6401,SUNY,1,0,0.0,-892.4,74.4,-1143.1,30.4
6402,SUNY,1,0,0.0,-1664.7,36.6,-1357.1,101.1
6403,SUNY,1,0,0.0,-1193.6,72.1,-1352.0,46.8
6404,SUNY,1,0,0.0,-961.3,112.4,-1119.9,100.9
6405,SUNY,1,0,0.0,-1211.5,77.6,-1178.9,67.9
6406,SUNY,1,0,0.0,-1475.4,46.7,-1547.4,38.9
6407,SUNY,1,0,0.0,-970.6,97.0,-1299.4,36.8
6408,SUNY,1,0,0.0,-1707.2,8.6,-769.1,173.6
6409,SUNY,1,0,0.0,-1209.0,90.2,-1029.6,138.9
6410,SUNY,1,0,0.0,-1666.8,23.9,-1041.9,124.0
6411,SUNY,1,0,0.0,-1132.3,42.0,-898.2,112.6
6412,SUNY,1,0,0.0,-1280.7,68.0,-1431.2,49.0
6413,SUNY,1,0,0.0,-1019.7,64.9,-863.9,101.1
6414,SUNY,1,0,0.0,-1104.4,79.3,-1132.2,90.5
6415,SUNY,1,0,0.0,-1188.5,131.3,-1433.2,89.8
6416,SUNY,1,0,0.0,-1457.2,77.7,-1470.5,68.5
6417,SUNY,1,0,0.0,-1063.7,141.9,-1442.6,71.0
6418,SUNY,1,0,0.0,-897.2,75.1,-1014.8,67.8
6419,SUNY,1,0,0.0,-976.7,122.4,-1329.8,58.5
6420,SUNY,1,0,0.0,-1305.8,9.6,-945.3,53.9
6421,SUNY,1,0,0.0,-920.7,109.2,-1042.6,99.3
6422,SUNY,1,0,0.0,-1176.5,71.6,-952.7,116.6
6423,SUNY,1,0,0.0,-860.8,120.9,-1340.1,43.2
6424,SUNY,1,0,0.0,-921.2,129.9,-1421.5,35.8
6425,SUNY,1,0,0.0,-684.4,125.8,-1090.6,44.4
6426,SUNY,1,0,0.0,-1124.3,46.6,-1063.3,71.8
6427,SUNY,1,0,0.0,-1222.4,33.6,-987.4,115.9
6428,SUNY,1,0,0.0,-1179.3,49.8,-904.3,104.5
6429,SUNY,1,0,0.0,-1225.9,43.3,-915.7,114.2
6430,SUNY,1,0,0.0,-1123.3,59.5,-1232.4,53.1
6431,SUNY,1,0,0.0,-1325.3,58.7,-927.8,155.3
6432,SUNY,1,0,0.0,-1558.9,18.7,-1063.1,131.0
6433,SUNY,1,0,0.0,-1199.5,89.0,-1400.1,61.2
6434,SUNY,1,0,0.0,-958.1,103.5,-1165.6,69.8
6435,SUNY,1,0,0.0,-1304.0,23.6,-1094.4,70.1
6436,SUNY,1,0,0.0,-1008.5,99.3,-990.6,108.7
6437,SUNY,1,0,0.0,-622.6,64.8,-634.3,56.6
6438,SUNY,1,0,0.0,-813.0,98.1,-970.1,74.1
6439,SUNY,1,0,0.0,-1023.9,56.1,-819.7,105.7
6440,SUNY,1,0,0.0,-935.3,56.9,-827.9,80.9
6441,SUNY,1,0,0.0,-790.1,123.0,-1183.3,52.7
6442,SUNY,1,0,0.0,-834.8,102.2,-1110.1,41.9
6443,SUNY,1,0,0.0,-1125.9,40.6,-903.6,84.5
6444,SUNY,1,0,0.0,-1177.5,38.8,-754.4,145.3
6445,SUNY,1,0,0.0,-906.5,42.7,-810.0,66.4
6446,SUNY,1,0,0.0,-740.8,86.3,-881.4,55.5
6447,SUNY,1,0,0.0,-1178.8,6.6,-542.9,141.8
6448,SUNY,1,0,0.0,-1028.3,117.4,-1206.1,93.6
6449,SUNY,1,0,0.0,-1176.8,22.8,-722.5,114.2
6450,SUNY,1,0,0.0,-939.2,70.3,-820.1,82.1
6451,SUNY,1,0,0.0,-713.9,35.6,-554.8,79.2
6452,SUNY,1,0,0.0,-1066.3,93.8,-1345.1,43.8
6453,SUNY,1,0,0.0,-759.2,77.2,-1087.6,14.2
6454,SUNY,1,0,0.0,-1141.4,47.7,-756.9,122.0
6455,SUNY,1,0,0.0,-933.5,54.3,-1037.3,48.1
6456,SUNY,1,0,0.0,-702.4,82.9,-631.7,87.3
6457,SUNY,1,0,0.0,-989.7,95.9,-1095.4,69.7
6458,SUNY,1,0,0.0,-860.1,54.6,-834.9,57.3
6459,SUNY,1,0,0.0,-725.5,105.2,-944.7,52.2
6460,SUNY,1,0,0.0,-464.2,118.9,-932.5,30.3
6461,SUNY,1,0,0.0,-897.5,51.2,-854.5,68.6
6462,SUNY,1,0,0.0,-834.7,39.6,-687.7,68.8
6463,SUNY,1,0,0.0,-896.8,108.0,-833.2,120.9
6464,SUNY,1,0,0.0,-943.0,47.5,-654.6,108.2
6465,SUNY,1,0,0.0,-623.7,100.7,-942.3,35.2
6466,SUNY,1,0,0.0,-825.1,113.3,-934.1,92.2
6467,SUNY,1,0,0.0,-843.0,72.3,-814.2,79.4
6468,SUNY,1,0,0.0,-852.6,70.5,-809.6,83.1
6469,SUNY,1,0,0.0,-594.6,72.7,-670.9,69.0
6470,SUNY,1,0,0.0,-463.6,73.1,-536.0,54.7
6471,SUNY,1,0,0.0,-943.8,49.1,-695.2,90.4
6472,SUNY,1,0,0.0,-614.3,54.7,-701.6,35.7
6473,SUNY,1,0,0.0,-676.4,63.9,-553.9,81.5
6474,SUNY,1,0,0.0,-1055.4,35.7,-741.6,88.1
6475,SUNY,1,0,0.0,-565.6,94.9,-814.0,54.0
6476,SUNY,1,0,0.0,-731.8,83.4,-896.6,56.3
6477,SUNY,1,0,0.0,-937.2,17.1,-342.1,151.0
6478,SUNY,1,0,0.0,-817.2,92.2,-1015.0,67.5
6479,SUNY,1,0,0.0,-987.2,17.3,-516.4,109.8
6480,SUNY,1,0,0.0,-805.1,22.6,-364.7,109.5
6481,SUNY,1,0,0.0,-724.3,55.0,-752.3,57.9
6482,SUNY,1,0,0.0,-484.8,98.4,-779.2,31.8
6483,SUNY,1,0,0.0,-511.5,106.3,-980.1,16.1
6484,SUNY,1,0,0.0,-453.2,92.7,-798.7,24.4
6485,SUNY,1,0,0.0,-742.6,48.8,-575.1,88.2
6486,SUNY,1,0,0.0,-456.2,92.0,-693.5,34.6
6487,SUNY,1,0,0.0,-744.5,43.0,-464.3,77.6
6488,SUNY,1,0,0.0,-650.9,43.4,-567.6,64.8
6489,SUNY,1,0,0.0,-525.5,50.9,-448.6,57.6
6490,SUNY,1,0,0.0,-673.1,96.3,-744.7,86.5
6491,SUNY,1,0,0.0,-802.4,32.6,-594.7,87.7
6492,SUNY,1,0,0.0,-591.5,41.0,-506.6,70.1
6493,SUNY,1,0,0.0,-602.0,37.1,-725.8,34.2
6494,SUNY,1,0,0.0,-563.0,69.5,-687.3,41.0
6495,SUNY,1,0,0.0,-572.1,45.7,-480.5,74.2
6496,SUNY,1,0,0.0,-554.8,68.1,-745.5,41.2
6497,SUNY,1,0,0.0,-475.6,65.3,-549.6,43.1
6498,SUNY,1,0,0.0,-647.5,60.4,-576.2,75.3
6499,SUNY,1,0,0.0,-707.0,67.8,-586.5,88.8
6500,SUNY,1,0,0.0,-396.5,72.0,-659.1,17.6
6501,SUNY,1,0,0.0,-666.0,37.8,-725.6,39.2
6502,SUNY,1,0,0.0,-687.1,22.1,-371.0,89.4
6503,SUNY,1,0,0.0,-892.9,7.4,-374.8,121.8
6504,SUNY,1,0,0.0,-445.6,29.2,-309.5,60.1
6505,SUNY,1,0,0.0,-364.6,96.1,-691.1,20.9
6506,SUNY,1,0,0.0,-682.4,82.7,-678.3,80.0
6507,SUNY,1,0,0.0,-720.4,27.2,-401.0,86.8
6508,SUNY,1,0,0.0,-577.8,51.9,-518.9,57.3
6509,SUNY,1,0,0.0,-658.3,37.0,-508.5,77.7
6510,SUNY,1,0,0.0,-466.4,46.9,-524.5,35.7
6511,SUNY,1,0,0.0,-654.9,37.9,-468.4,77.0
6512,SUNY,1,0,0.0,-867.5,55.2,-527.1,127.1
6513,SUNY,1,0,0.0,-570.9,41.4,-599.6,37.1
6514,SUNY,1,0,0.0,-495.6,72.5,-686.4,36.7
6515,SUNY,1,0,0.0,-793.7,42.6,-644.6,63.1
6516,SUNY,1,0,0.0,-778.5,46.5,-515.7,85.4
6517,SUNY,1,0,0.0,-282.0,56.6,-549.8,9.3
6518,SUNY,1,0,0.0,-614.2,92.3,-797.2,47.4
6519,SUNY,1,0,0.0,-642.3,82.3,-726.0,71.8
6520,SUNY,1,0,0.0,-732.6,57.8,-521.9,101.5
6521,SUNY,1,0,0.0,-546.8,40.3,-529.6,48.5
6522,SUNY,1,0,0.0,-549.2,21.8,-254.4,76.3
6523,SUNY,1,0,0.0,-573.5,34.1,-435.1,66.9
6524,SUNY,1,0,0.0,-536.0,33.4,-400.7,59.3
6525,SUNY,1,0,0.0,-776.4,45.6,-438.4,119.3
6526,SUNY,1,0,0.0,-739.7,37.2,-578.6,96.0
6527,SUNY,1,0,0.0,-280.9,54.1,-501.7,12.3
6528,SUNY,1,0,0.0,-379.8,51.9,-500.0,37.8
6529,SUNY,1,0,0.0,-364.2,77.4,-583.2,35.1
6530,SUNY,1,0,0.0,-415.0,24.9,-422.4,28.2
6531,SUNY,1,0,0.0,-564.2,38.8,-435.3,77.3
6532,SUNY,1,0,0.0,-500.8,29.2,-349.9,64.1
6533,SUNY,1,0,0.0,-203.6,69.8,-475.5,13.3
6534,SUNY,1,0,0.0,-387.5,42.5,-368.3,43.4
6535,SUNY,1,0,0.0,-278.4,42.3,-352.1,24.7
6536,SUNY,1,0,0.0,-260.7,37.0,-284.6,37.4
6537,SUNY,1,0,0.0,-572.7,34.7,-457.0,57.9
6538,SUNY,1,0,0.0,-334.5,14.8,-219.9,40.9
6539,SUNY,1,0,0.0,-599.3,64.4,-517.4,105.0
6540,SUNY,1,0,0.0,-364.3,67.4,-473.6,49.5
6541,SUNY,1,0,0.0,-377.7,27.3,-309.3,50.5
6542,SUNY,1,0,0.0,-475.4,25.0,-366.2,47.9
6543,SUNY,1,0,0.0,-441.5,62.5,-557.0,44.3
6544,SUNY,1,0,0.0,-506.5,41.0,-414.1,59.9
6545,SUNY,1,0,0.0,-316.1,29.4,-279.5,42.0
6546,SUNY,1,0,0.0,-680.3,47.9,-493.0,70.0
6547,SUNY,1,0,0.0,-264.9,96.0,-613.0,16.4
6548,SUNY,1,0,0.0,-459.9,28.2,-323.6,56.9
6549,SUNY,1,0,0.0,-538.2,60.6,-525.4,61.6
6550,SUNY,1,0,0.0,-401.2,32.1,-388.6,45.3
6551,SUNY,1,0,0.0,-477.6,34.9,-340.3,52.6
6552,SUNY,1,0,0.0,-379.4,34.7,-334.2,46.6
6553,SUNY,1,0,0.0,-516.6,6.9,-201.2,74.7
6554,SUNY,1,0,0.0,-404.5,68.9,-477.5,51.7
6555,SUNY,1,0,0.0,-323.5,84.6,-516.4,37.8
6556,SUNY,1,0,0.0,-290.8,39.4,-408.6,17.2
6557,SUNY,1,0,0.0,-239.7,69.0,-492.1,16.6
6558,SUNY,1,0,0.0,-314.1,10.8,-210.0,38.0
6559,SUNY,1,0,0.0,-413.1,29.3,-232.4,66.6
6560,SUNY,1,0,0.0,-318.7,26.5,-294.4,30.0
6561,SUNY,1,0,0.0,-324.8,42.6,-301.0,50.1
6562,SUNY,1,0,0.0,-248.4,21.7,-292.0,23.2
6563,SUNY,1,0,0.0,-277.1,104.6,-700.7,8.2
6564,SUNY,1,0,0.0,-354.0,27.9,-343.4,30.2
6565,SUNY,1,0,0.0,-258.2,56.2,-391.1,30.1
6566,SUNY,1,0,0.0,-344.5,60.9,-521.8,16.2
6567,SUNY,1,0,0.0,-296.0,41.9,-399.4,24.1
6568,SUNY,1,0,0.0,-694.1,29.9,-400.5,99.9
6569,SUNY,1,0,0.0,-365.6,23.3,-391.0,23.5
6570,SUNY,1,0,0.0,-302.8,26.9,-256.8,46.3
6571,SUNY,1,0,0.0,-209.0,36.6,-278.3,21.9
6572,SUNY,1,0,0.0,-448.1,18.0,-230.4,63.2
6573,SUNY,1,0,0.0,-88.3,61.9,-313.0,8.5
6574,SUNY,1,0,0.0,-260.1,70.3,-437.3,27.8
6575,SUNY,1,0,0.0,-462.4,47.4,-439.3,35.3
6576,SUNY,1,0,0.0,-327.4,36.1,-265.0,55.6
6577,SUNY,1,0,0.0,-311.8,51.8,-454.2,27.4
6578,SUNY,1,0,0.0,-315.9,15.6,-247.1,37.2
6579,SUNY,1,0,0.0,-277.9,28.4,-290.2,21.6
6580,SUNY,1,0,0.0,-163.6,62.7,-360.4,18.6
6581,SUNY,1,0,0.0,-455.3,29.4,-275.0,71.5
6582,SUNY,1,0,0.0,-253.0,46.1,-292.1,32.8
6583,SUNY,1,0,0.0,-234.3,22.8,-200.2,32.3
6584,SUNY,1,0,0.0,-359.9,56.8,-442.8,40.1
6585,SUNY,1,0,0.0,-281.2,47.7,-319.4,34.9
6586,SUNY,1,0,0.0,-301.6,7.6,-181.5,34.9
6587,SUNY,1,0,0.0,-339.8,20.6,-263.7,41.4
6588,SUNY,1,0,0.0,-262.8,18.9,-250.6,31.0
6589,SUNY,1,0,0.0,-294.5,28.3,-305.0,29.1
6590,SUNY,1,0,0.0,-212.2,35.0,-275.0,21.2
6591,SUNY,1,0,0.0,-236.7,51.6,-404.8,19.2
6592,SUNY,1,0,0.0,-255.2,28.6,-218.5,40.4
6593,SUNY,1,0,0.0,-148.9,34.7,-251.0,15.8
6594,SUNY,1,0,0.0,-478.8,9.4,-191.2,73.8
6595,SUNY,1,0,0.0,-216.2,43.3,-317.7,22.7
6596,SUNY,1,0,0.0,-280.7,17.6,-141.8,51.5
6597,SUNY,1,0,0.0,-272.3,47.5,-316.2,31.4
6598,SUNY,1,0,0.0,-327.2,27.5,-304.9,33.9
6599,SUNY,1,0,0.0,-377.5,39.0,-293.0,57.9
6600,SUNY,1,0,0.0,-372.7,7.5,-190.6,55.6
6601,SUNY,1,0,0.0,-179.7,50.4,-339.9,17.8
6602,SUNY,1,0,0.0,-346.9,19.1,-220.0,48.1
6603,SUNY,1,0,0.0,-233.0,24.9,-172.9,34.2
6604,SUNY,1,0,0.0,-198.9,14.7,-151.9,21.5
6605,SUNY,1,0,0.0,-325.8,20.1,-225.9,40.3
6606,SUNY,1,0,0.0,-135.9,52.2,-342.9,10.7
6607,SUNY,1,0,0.0,-210.4,45.8,-295.9,23.8
6608,SUNY,1,0,0.0,-317.1,25.3,-265.6,34.6
6609,SUNY,1,0,0.0,-375.0,30.0,-224.7,68.4
6610,SUNY,1,0,0.0,-224.9,26.2,-238.5,16.2
6611,SUNY,1,0,0.0,-455.9,30.3,-380.7,76.5
6612,SUNY,1,0,0.0,-299.4,43.4,-350.1,30.5
6613,SUNY,1,0,0.0,-155.2,31.6,-279.7,3.0
6614,SUNY,1,0,0.0,-233.2,43.2,-259.9,34.8
6615,SUNY,1,0,0.0,-250.4,36.4,-190.2,49.2
6616,SUNY,1,0,0.0,-238.4,21.3,-189.0,29.7
6617,SUNY,1,0,0.0,-178.7,23.3,-238.0,10.4
6618,SUNY,1,0,0.0,-224.6,46.0,-292.4,22.3
6619,SUNY,1,0,0.0,-113.6,18.6,-121.6,13.2
6620,SUNY,1,0,0.0,-219.7,47.4,-271.9,36.3
6621,SUNY,1,0,0.0,-109.3,39.8,-238.3,12.3
6622,SUNY,1,0,0.0,-111.7,16.3,-93.9,21.9
6623,SUNY,1,0,0.0,-196.6,9.5,-178.5,25.9
6624,SUNY,1,0,0.0,-285.2,49.6,-385.5,26.2
6625,SUNY,1,0,0.0,-239.7,26.7,-174.9,44.5
6626,SUNY,1,0,0.0,-222.2,30.8,-326.2,8.8
6627,SUNY,1,0,0.0,-155.2,16.0,-128.9,20.3
6628,SUNY,1,0,0.0,-198.3,25.3,-176.6,37.3
6629,SUNY,1,0,0.0,-175.5,19.9,-154.4,16.7
6630,SUNY,1,0,0.0,-245.1,39.3,-298.1,24.9
6631,SUNY,1,0,0.0,-229.9,24.3,-206.1,26.7
6632,SUNY,1,0,0.0,-204.5,2.8,-127.0,25.1
6633,SUNY,1,0,0.0,-210.4,32.0,-258.6,26.3
6634,SUNY,1,0,0.0,-185.7,39.6,-288.5,23.5
6635,SUNY,1,0,0.0,-154.2,47.4,-249.8,23.1
6636,SUNY,1,0,0.0,-318.7,31.8,-222.6,59.8
6637,SUNY,1,0,0.0,-153.5,18.9,-137.2,26.4
6638,SUNY,1,0,0.0,-49.9,23.2,-126.5,5.3
6639,SUNY,1,0,0.0,-171.9,17.3,-170.0,23.0
6640,SUNY,1,0,0.0,-142.5,44.2,-256.4,18.8
6641,SUNY,1,0,0.0,-230.7,25.9,-223.4,32.7
6642,SUNY,1,0,0.0,-242.5,19.0,-125.5,52.7
6643,SUNY,1,0,0.0,-156.4,2.8,-61.8,27.5
6644,SUNY,1,0,0.0,-176.7,11.8,-118.0,25.1
6645,SUNY,1,0,0.0,-86.8,71.9,-391.0,2.2
6646,SUNY,1,0,0.0,-111.3,24.4,-150.1,18.6
6647,SUNY,1,0,0.0,-177.8,25.9,-227.5,11.2
6648,SUNY,1,0,0.0,-127.6,38.1,-272.4,8.6
6649,SUNY,1,0,0.0,-238.2,24.7,-131.5,46.7
6650,SUNY,1,0,0.0,-216.6,12.4,-171.3,26.2
6651,SUNY,1,0,0.0,-193.7,36.8,-306.7,21.8
6652,SUNY,1,0,0.0,-209.1,33.8,-210.3,30.5
6653,SUNY,1,0,0.0,-187.5,34.3,-212.6,24.7
6654,SUNY,1,0,0.0,-83.0,38.2,-197.1,9.4
6655,SUNY,1,0,0.0,-180.9,14.6,-144.2,20.0
6656,SUNY,1,0,0.0,-125.2,24.5,-166.2,19.3
6657,SUNY,1,0,0.0,-205.2,18.9,-119.2,38.6
6658,SUNY,1,0,0.0,-171.3,26.1,-164.6,29.7
6659,SUNY,1,0,0.0,-96.6,17.3,-96.6,15.5
6660,SUNY,1,0,0.0,-157.1,25.3,-177.5,16.9
6661,SUNY,1,0,0.0,-128.5,35.7,-260.3,15.7
6662,SUNY,1,0,0.0,-141.9,18.7,-191.4,7.6
6663,SUNY,1,0,0.0,-255.5,27.9,-272.1,29.0
6664,SUNY,1,0,0.0,-40.9,35.8,-224.0,1.2
6665,SUNY,1,0,0.0,-56.2,16.7,-127.1,7.2
6666,SUNY,1,0,0.0,-99.6,28.4,-158.0,7.0
6667,SUNY,1,0,0.0,-233.4,11.4,-183.4,29.4
6668,SUNY,1,0,0.0,-132.1,22.0,-139.4,19.8
6669,SUNY,1,0,0.0,-196.0,14.0,-105.7,30.8
6670,SUNY,1,0,0.0,-133.3,13.1,-74.6,27.7
6671,SUNY,1,0,0.0,-174.6,5.0,-51.1,34.8
6672,SUNY,1,0,0.0,-193.7,12.2,-147.9,23.7
6673,SUNY,1,0,0.0,-138.2,18.5,-179.6,22.4
6674,SUNY,1,0,0.0,-85.0,8.0,-74.3,12.0
6675,SUNY,1,0,0.0,-119.8,9.7,-103.9,14.0
6676,SUNY,1,0,0.0,-121.2,35.6,-196.8,11.8
6677,SUNY,1,0,0.0,-61.8,38.1,-185.9,8.7
6678,SUNY,1,0,0.0,-110.0,11.8,-95.5,14.9
6679,SUNY,1,0,0.0,-135.4,13.9,-137.8,14.8
6680,SUNY,1,0,0.0,-189.2,7.3,-80.4,42.1
6681,SUNY,1,0,0.0,-114.3,12.7,-127.5,16.7
6682,SUNY,1,0,0.0,-51.6,26.8,-168.4,5.6
6683,SUNY,1,0,0.0,-142.9,22.9,-192.1,10.8
6684,SUNY,1,0,0.0,-119.8,40.7,-234.5,16.4
6685,SUNY,1,0,0.0,-187.7,16.8,-142.9,25.0
6686,SUNY,1,0,0.0,-131.4,30.9,-178.0,13.0
6687,SUNY,1,0,0.0,-122.0,28.9,-198.5,12.2
6688,SUNY,1,0,0.0,-73.4,39.9,-207.2,10.5
6689,SUNY,1,0,0.0,-186.1,34.2,-271.6,22.9
6690,SUNY,1,0,0.0,-166.5,25.7,-236.0,5.8
6691,SUNY,1,0,0.0,-220.9,8.0,-150.0,29.2
6692,SUNY,1,0,0.0,-143.6,16.6,-169.6,14.3
6693,SUNY,1,0,0.0,-178.9,8.6,-45.1,46.5
6694,SUNY,1,0,0.0,-79.0,12.9,-108.6,11.9
6695,SUNY,1,0,0.0,-137.7,16.4,-127.9,24.9
6696,SUNY,1,0,0.0,-132.3,22.2,-137.8,19.1
6697,SUNY,1,0,0.0,-113.7,23.6,-161.2,14.8
6698,SUNY,1,0,0.0,-164.2,17.1,-153.5,26.8
6699,SUNY,1,0,0.0,-94.7,17.5,-99.2,21.0
6700,SUNY,1,0,0.0,-15.6,22.1,-111.7,1.1
6701,SUNY,1,0,0.0,-101.5,10.1,-68.9,20.6
6702,SUNY,1,0,0.0,-95.4,31.9,-144.7,22.7
6703,SUNY,1,0,0.0,-115.8,18.0,-130.0,16.0
6704,SUNY,1,0,0.0,-135.0,11.1,-55.0,32.1
6705,SUNY,1,0,0.0,-96.9,25.9,-166.9,9.3
6706,SUNY,1,0,0.0,-118.4,22.2,-176.9,15.0
6707,SUNY,1,0,0.0,-76.8,16.4,-104.4,13.1
6708,SUNY,1,0,0.0,-146.6,21.8,-120.4,32.8
6709,SUNY,1,0,0.0,-70.4,14.6,-124.1,8.5
6710,SUNY,1,0,0.0,-100.8,20.3,-136.7,17.2
6711,SUNY,1,0,0.0,-100.5,10.9,-106.7,14.7
6712,SUNY,1,0,0.0,-119.5,3.6,-95.7,22.5
6713,SUNY,1,0,0.0,-81.9,7.0,-60.7,18.5
6714,SUNY,1,0,0.0,-124.6,45.0,-255.3,13.3
6715,SUNY,1,0,0.0,-109.5,17.4,-182.5,7.1
6716,SUNY,1,0,0.0,-60.8,16.9,-97.4,8.3
6717,SUNY,1,0,0.0,-132.3,6.2,-83.2,19.2
6718,SUNY,1,0,0.0,-72.2,24.3,-115.3,14.0
6719,SUNY,1,0,0.0,-164.5,1.7,-55.0,30.8
6720,SUNY,1,0,0.0,-140.8,11.0,-150.6,13.3
6721,SUNY,1,0,0.0,-77.6,18.0,-108.4,14.5
6722,SUNY,1,0,0.0,-99.8,7.1,-55.7,19.9
6723,SUNY,1,0,0.0,-48.5,14.1,-41.8,12.9
6724,SUNY,1,0,0.0,-20.9,24.8,-116.9,4.4
6725,SUNY,1,0,0.0,-81.7,7.9,-101.1,8.9
6726,SUNY,1,0,0.0,-27.2,38.1,-176.3,2.4
6727,SUNY,1,0,0.0,-95.9,35.6,-179.8,9.6
6728,SUNY,1,0,0.0,-61.9,16.9,-92.4,11.3
6729,SUNY,1,0,0.0,-55.3,11.7,-88.5,8.8
6730,SUNY,1,0,0.0,-78.0,19.1,-91.3,10.4
6731,SUNY,1,0,0.0,-108.7,12.8,-71.0,17.4
6732,SUNY,1,0,0.0,-98.9,27.4,-145.7,19.3
6733,SUNY,1,0,0.0,-71.0,32.6,-184.8,3.8
6734,SUNY,1,0,0.0,-63.2,2.3,-39.2,8.8
6735,SUNY,1,0,0.0,-73.4,19.8,-84.5,15.9
6736,SUNY,1,0,0.0,-122.9,11.8,-79.0,16.4
6737,SUNY,1,0,0.0,-154.8,10.2,-105.3,21.6
6738,SUNY,1,0,0.0,-117.8,10.4,-63.2,16.7
6739,SUNY,1,0,0.0,-79.0,13.0,-72.1,14.5
6740,SUNY,1,0,0.0,-8.6,17.8,-73.2,5.9
6741,SUNY,1,0,0.0,-90.2,4.1,-67.9,10.1
6742,SUNY,1,0,0.0,-74.9,11.8,-89.6,13.3
6743,SUNY,1,0,0.0,-45.5,13.0,-71.1,9.6
6744,SUNY,1,0,0.0,-118.5,8.5,-106.6,16.7
6745,SUNY,1,0,0.0,-107.5,16.2,-85.5,14.5
6746,SUNY,1,0,0.0,-82.1,16.3,-124.2,4.0
6747,SUNY,1,0,0.0,-89.2,6.3,-41.7,11.9
6748,SUNY,1,0,0.0,-48.0,17.1,-103.3,7.2
6749,SUNY,1,0,0.0,-60.3,12.5,-71.5,10.2
6750,SUNY,1,0,0.0,-83.3,20.0,-92.8,16.3
6751,SUNY,1,0,0.0,-86.9,7.5,-57.0,13.0
6752,SUNY,1,0,0.0,-63.3,3.7,-42.0,8.0
6753,SUNY,1,0,0.0,-56.9,16.6,-95.6,6.1
6754,SUNY,1,0,0.0,-114.5,13.3,-94.4,22.7
6755,SUNY,1,0,0.0,-110.3,8.2,-115.6,11.3
6756,SUNY,1,0,0.0,-47.0,9.2,-70.8,12.2
6757,SUNY,1,0,0.0,-20.9,19.9,-84.9,3.8
6758,SUNY,1,0,0.0,-54.7,11.4,-59.2,11.6
6759,SUNY,1,0,0.0,-53.1,29.0,-143.0,5.0
6760,SUNY,1,0,0.0,-4.8,18.0,-83.1,1.6
6761,SUNY,1,0,0.0,-95.4,14.1,-88.3,23.6
6762,SUNY,1,0,0.0,-29.8,10.1,-47.4,5.5
6763,SUNY,1,0,0.0,-82.8,13.6,-105.5,14.1
6764,SUNY,1,0,0.0,-16.7,17.4,-71.1,5.6
6765,SUNY,1,0,0.0,-68.3,7.4,-79.9,7.3
6766,SUNY,1,0,0.0,-150.5,7.1,-58.3,33.0
6767,SUNY,1,0,0.0,-123.5,7.9,-44.2,23.4
6768,SUNY,1,0,0.0,-101.4,10.7,-60.7,14.2
6769,SUNY,1,0,0.0,-73.9,13.3,-96.0,15.1
6770,SUNY,1,0,0.0,-68.6,10.4,-54.5,12.6
6771,SUNY,1,0,0.0,-22.1,22.5,-111.0,6.2
6772,SUNY,1,0,0.0,-73.0,13.0,-64.3,12.0
6773,SUNY,1,0,0.0,-66.9,10.1,-76.6,11.8
6774,SUNY,1,0,0.0,-35.0,15.8,-80.0,6.0
6775,SUNY,1,0,0.0,-47.7,8.8,-79.0,4.8
6776,SUNY,1,0,0.0,-122.9,11.2,-109.7,13.0
6777,SUNY,1,0,0.0,-18.5,15.3,-66.3,5.5
6778,SUNY,1,0,0.0,-53.3,15.2,-68.6,7.9
6779,SUNY,1,0,0.0,-32.0,14.8,-68.9,5.9
6780,SUNY,1,0,0.0,-24.6,17.6,-76.4,7.7
6781,SUNY,1,0,0.0,-61.2,13.7,-84.6,15.4
6782,SUNY,1,0,0.0,7.7,17.2,-74.8,4.8
6783,SUNY,1,0,0.0,-47.1,10.0,-40.9,13.9
6784,SUNY,1,0,0.0,-74.2,7.0,-45.7,11.9
6785,SUNY,1,0,0.0,-52.9,22.7,-114.1,2.6
6786,SUNY,1,0,0.0,-99.1,17.0,-116.2,23.9
6787,SUNY,1,0,0.0,-30.8,6.2,-47.0,3.5
6788,SUNY,1,0,0.0,-63.5,12.9,-53.9,12.1
6789,SUNY,1,0,0.0,-50.4,14.9,-94.5,10.9
6790,SUNY,1,0,0.0,-24.6,19.0,-85.9,5.1
6791,SUNY,1,0,0.0,-70.2,10.0,-21.4,19.8
6792,SUNY,1,0,0.0,-34.9,12.7,-60.0,8.9
6793,SUNY,1,0,0.0,-19.6,14.1,-76.6,3.9
6794,SUNY,1,0,0.0,-23.7,9.7,-38.8,8.7
6795,SUNY,1,0,0.0,-18.6,16.0,-56.6,7.7
6796,SUNY,1,0,0.0,-39.9,13.2,-84.6,1.3
6797,SUNY,1,0,0.0,-22.5,12.5,-38.1,6.6
6798,SUNY,1,0,0.0,-45.4,16.3,-83.9,5.6
6799,SUNY,1,0,0.0,-77.3,14.3,-98.2,9.2
6800,SUNY,1,0,0.0,-23.4,16.2,-65.1,5.0
6801,SUNY,1,0,0.0,-40.7,16.6,-81.4,9.5
6802,SUNY,1,0,0.0,-60.1,15.9,-90.8,7.2
6803,SUNY,1,0,0.0,-46.2,20.3,-95.5,13.2
6804,SUNY,1,0,0.0,-35.5,10.7,-42.9,9.3
6805,SUNY,1,0,0.0,-29.2,1.4,-10.9,4.0
6806,SUNY,1,0,0.0,-7.7,14.0,-63.1,2.8
6807,SUNY,1,0,0.0,-68.5,9.2,-22.2,18.6
6808,SUNY,1,0,0.0,-73.1,7.3,-46.9,14.0
6809,SUNY,1,0,0.0,-56.8,18.0,-91.9,12.4
6810,SUNY,1,0,0.0,-33.6,4.2,-25.6,10.7
6811,SUNY,1,0,0.0,-11.2,17.5,-43.1,9.6
6812,SUNY,1,0,0.0,-32.0,14.9,-62.8,5.7
6813,SUNY,1,0,0.0,-38.1,5.3,-14.0,14.3
6814,SUNY,1,0,0.0,-61.2,26.7,-118.3,15.1
6815,SUNY,1,0,0.0,-63.5,20.0,-89.5,18.3
6816,SUNY,1,0,0.0,-41.3,11.8,-33.8,15.2
6817,SUNY,1,0,0.0,-11.6,23.7,-79.9,1.9
6818,SUNY,1,0,0.0,-62.4,20.1,-117.4,12.4
6819,SUNY,1,0,0.0,-14.6,22.1,-110.3,7.0
6820,SUNY,1,0,0.0,-27.5,28.9,-104.6,7.6
6821,SUNY,1,0,0.0,-41.1,9.6,-53.3,7.5
6822,SUNY,1,0,0.0,-8.4,17.2,-42.5,7.8
6823,SUNY,1,0,0.0,-49.9,14.2,-63.2,12.5
6824,SUNY,1,0,0.0,-28.2,10.4,-35.8,6.6
6825,SUNY,1,0,0.0,17.1,16.0,-35.9,1.5
6826,SUNY,1,0,0.0,-24.5,2.5,7.1,13.2
6827,SUNY,1,0,0.0,-15.1,21.1,-61.2,8.3
6828,SUNY,1,0,0.0,-32.9,11.5,-48.9,9.0
6829,SUNY,1,0,0.0,-1.4,11.0,-29.8,7.1
6830,SUNY,1,0,0.0,-6.5,8.8,-33.1,4.7
6831,SUNY,1,0,0.0,-18.7,10.1,-43.4,2.1
6832,SUNY,1,0,0.0,-47.8,9.7,-15.4,17.2
6833,SUNY,1,0,0.0,-45.2,4.3,8.5,18.2
6834,SUNY,1,0,0.0,-48.5,14.2,-86.3,8.8
6835,SUNY,1,0,0.0,-21.7,15.2,-67.1,6.9
6836,SUNY,1,0,0.0,-36.2,13.6,-61.9,7.8
6837,SUNY,1,0,0.0,-30.6,6.3,-2.6,11.4
6838,SUNY,1,0,0.0,-40.6,16.3,-54.3,12.4
6839,SUNY,1,0,0.0,-39.8,17.2,-57.9,7.2
6840,SUNY,1,0,0.0,-29.4,12.0,-52.9,8.4
6841,SUNY,1,0,0.0,-7.2,6.5,-9.0,9.7
6842,SUNY,1,0,0.0,-38.6,9.2,-52.8,5.2
6843,SUNY,1,0,0.0,-82.8,3.4,-6.0,29.2
6844,SUNY,1,0,0.0,-51.8,3.7,5.2,15.7
6845,SUNY,1,0,0.0,-47.5,8.5,-50.1,9.7
6846,SUNY,1,0,0.0,-15.9,13.8,-24.8,7.6
6847,SUNY,1,0,0.0,-49.8,11.2,-55.6,15.2
6848,SUNY,1,0,0.0,-102.7,3.4,-3.0,35.5
6849,SUNY,1,0,0.0,-30.9,7.0,-29.8,5.9
6850,SUNY,1,0,0.0,22.9,14.3,-4.7,4.9
6851,SUNY,1,0,0.0,13.7,13.2,-31.7,3.5
6852,SUNY,1,0,0.0,-3.6,9.1,-15.9,6.9
6853,SUNY,1,0,0.0,-16.8,14.6,-43.0,5.3
6854,SUNY,1,0,0.0,-32.5,4.0,10.1,11.0
6855,SUNY,1,0,0.0,-22.7,1.4,-5.9,6.1
6856,SUNY,1,0,0.0,-41.5,17.9,-43.7,17.9
6857,SUNY,1,0,0.0,24.2,15.4,-27.1,3.3
6858,SUNY,1,0,0.0,-17.9,14.0,-41.5,8.6
6859,SUNY,1,0,0.0,-44.8,7.1,-54.3,4.8
6860,SUNY,1,0,0.0,-17.4,21.7,-63.4,6.8
6861,SUNY,1,0,0.0,-7.6,22.0,-43.0,11.6
6862,SUNY,1,0,0.0,-49.7,9.7,-64.2,8.4
6863,SUNY,1,0,0.0,13.8,15.5,-21.7,2.0
6864,SUNY,1,0,0.0,-41.3,6.6,-8.9,16.0
6865,SUNY,1,0,0.0,-2.8,18.7,-63.5,3.8
6866,SUNY,1,0,0.0,-39.6,13.0,-21.9,12.8
6867,SUNY,1,0,0.0,-32.8,11.7,-52.4,11.1
6868,SUNY,1,0,0.0,-14.8,11.2,-0.3,8.4
6869,SUNY,1,0,0.0,-31.4,11.6,-50.5,11.3
6870,SUNY,1,0,0.0,-35.8,9.0,-51.8,6.8
6871,SUNY,1,0,0.0,-34.9,7.8,-43.4,8.6
6872,SUNY,1,0,0.0,-49.7,18.8,-60.4,11.3
6873,SUNY,1,0,0.0,7.3,22.5,-70.1,3.5
6874,SUNY,1,0,0.0,-28.5,6.4,-19.6,8.0
6875,SUNY,1,0,0.0,-5.4,8.1,-16.9,2.6
6876,SUNY,1,0,0.0,2.2,11.3,-12.4,6.1
6877,SUNY,1,0,0.0,-4.0,8.5,3.6,8.1
6878,SUNY,1,0,0.0,-27.3,15.6,-53.2,8.4
6879,SUNY,1,0,0.0,-10.2,13.6,-24.9,7.7
6880,SUNY,1,0,0.0,-16.7,10.6,-39.5,3.6
6881,SUNY,1,0,0.0,-3.0,12.5,-21.8,7.4
6882,SUNY,1,0,0.0,-16.4,9.7,-45.9,4.7
6883,SUNY,1,0,0.0,-3.8,14.4,-37.0,9.0
6884,SUNY,1,0,0.0,-25.7,3.9,15.0,10.8
6885,SUNY,1,0,0.0,9.9,13.7,-8.1,11.8
6886,SUNY,1,0,0.0,12.5,18.6,-35.9,4.6
6887,SUNY,1,0,0.0,-16.2,3.1,15.2,14.1
6888,SUNY,1,0,0.0,-29.2,3.4,-12.4,9.6
6889,SUNY,1,0,0.0,23.6,14.4,-23.2,4.4
6890,SUNY,1,0,0.0,-58.5,10.3,-48.1,15.3
6891,SUNY,1,0,0.0,-32.7,0.2,15.3,11.9
6892,SUNY,1,0,0.0,33.0,9.7,-8.2,2.9
6893,SUNY,1,0,0.0,7.9,10.5,-15.9,4.4
6894,SUNY,1,0,0.0,-15.7,11.8,-43.8,6.0
6895,SUNY,1,0,0.0,7.0,10.5,-6.1,3.0
6896,SUNY,1,0,0.0,0.4,11.9,-4.5,8.3
6897,SUNY,1,0,0.0,24.4,7.1,-8.9,5.4
6898,SUNY,1,0,0.0,-5.7,16.8,-39.4,5.4
6899,SUNY,1,0,0.0,-31.6,9.3,-14.4,7.3
6900,SUNY,1,0,0.0,-11.8,8.7,-21.9,7.4
6901,SUNY,1,0,0.0,-6.9,16.2,-43.3,3.0
6902,SUNY,1,0,0.0,2.8,15.8,-14.9,9.4
6903,SUNY,1,0,0.0,-16.8,12.3,-30.9,8.9
6904,SUNY,1,0,0.0,-19.9,3.5,-8.0,9.9
6905,SUNY,1,0,0.0,13.4,13.8,-29.6,3.1
6906,SUNY,1,0,0.0,-56.1,6.4,-21.0,18.4
6907,SUNY,1,0,0.0,2.8,10.2,-8.4,3.3
6908,SUNY,1,0,0.0,17.9,15.7,-37.2,1.4
6909,SUNY,1,0,0.0,18.7,13.4,-32.5,2.4
6910,SUNY,1,0,0.0,24.3,14.1,-11.2,3.3
6911,SUNY,1,0,0.0,-10.2,10.3,-2.3,7.2
6912,SUNY,1,0,0.0,19.6,6.2,-3.5,5.4
6913,SUNY,1,0,0.0,8.0,13.1,-29.1,4.9
6914,SUNY,1,0,0.0,10.3,18.3,-41.1,2.7
6915,SUNY,1,0,0.0,-2.8,16.4,-60.8,5.2
6916,SUNY,1,0,0.0,4.0,15.3,-25.9,6.5
6917,SUNY,1,0,0.0,18.5,17.0,-22.6,3.4
6918,SUNY,1,0,0.0,-7.4,13.2,-35.1,3.4
6919,SUNY,1,0,0.0,-39.7,13.4,-25.8,14.9
6920,SUNY,1,0,0.0,1.5,11.0,-37.4,4.0
6921,SUNY,1,0,0.0,8.0,7.0,-0.8,7.4
6922,SUNY,1,0,0.0,27.0,5.9,17.0,2.1
6923,SUNY,1,0,0.0,-9.2,6.0,-5.3,12.0
6924,SUNY,1,0,0.0,6.0,10.8,-6.7,6.3
6925,SUNY,1,0,0.0,-16.8,13.8,-46.7,11.6
6926,SUNY,1,0,0.0,1.4,8.7,-7.0,11.7
6927,SUNY,1,0,0.0,7.8,12.7,-12.6,3.7
6928,SUNY,1,0,0.0,24.0,15.1,-27.6,1.9
6929,SUNY,1,0,0.0,2.6,7.0,8.3,7.2
6930,SUNY,1,0,0.0,3.7,8.5,-13.1,5.7
6931,SUNY,1,0,0.0,4.4,8.3,-4.2,7.7
6932,SUNY,1,0,0.0,-23.3,8.1,-41.6,5.7
6933,SUNY,1,0,0.0,33.7,15.3,-14.9,1.1
6934,SUNY,1,0,0.0,-1.9,9.2,-13.0,5.1
6935,SUNY,1,0,0.0,-3.1,13.5,-28.3,5.8
6936,SUNY,1,0,0.0,-6.6,6.2,6.6,5.8
6937,SUNY,1,0,0.0,38.1,14.2,-27.9,3.5
6938,SUNY,1,0,0.0,-11.0,16.0,-37.3,8.2
6939,SUNY,1,0,0.0,8.5,8.9,-5.5,6.1
6940,SUNY,1,0,0.0,-0.5,5.4,-6.0,6.9
6941,SUNY,1,0,0.0,32.9,6.7,33.0,4.9
6942,SUNY,1,0,0.0,4.2,6.9,7.9,6.8
6943,SUNY,1,0,0.0,18.6,10.5,-2.1,4.8
6944,SUNY,1,0,0.0,4.1,6.2,-16.2,3.8
6945,SUNY,1,0,0.0,10.6,12.5,-3.0,5.9
6946,SUNY,1,0,0.0,-3.4,6.5,-18.2,7.5
6947,SUNY,1,0,0.0,-5.8,6.5,-50.8,3.3
6948,SUNY,1,0,0.0,-0.7,12.5,-10.7,7.1
6949,SUNY,1,0,0.0,23.8,11.3,-6.9,2.1
6950,SUNY,1,0,0.0,27.6,12.0,-9.8,2.2
6951,SUNY,1,0,0.0,12.2,8.9,-10.0,5.7
6952,SUNY,1,0,0.0,18.0,7.0,13.6,5.2
6953,SUNY,1,0,0.0,42.7,13.8,-12.7,1.4
6954,SUNY,1,0,0.0,12.2,4.2,20.0,6.2
6955,SUNY,1,0,0.0,33.8,6.1,22.8,5.2
6956,SUNY,1,0,0.0,-4.8,6.4,-8.7,7.6
6957,SUNY,1,0,0.0,15.9,5.8,6.9,3.0
6958,SUNY,1,0,0.0,19.9,9.2,2.9,5.6
6959,SUNY,1,0,0.0,7.3,8.4,-3.4,4.8
6960,SUNY,1,0,0.0,-2.1,4.0,1.9,4.9
6961,SUNY,1,0,0.0,34.5,10.3,-5.2,2.3
6962,SUNY,1,0,0.0,-9.1,3.0,0.4,6.9
6963,SUNY,1,0,0.0,10.6,9.3,-5.5,4.0
6964,SUNY,1,0,0.0,4.1,10.9,-0.8,3.5
6965,SUNY,1,0,0.0,7.7,15.6,-31.9,1.3
6966,SUNY,1,0,0.0,8.1,11.2,9.3,11.1
6967,SUNY,1,0,0.0,13.8,7.5,7.1,7.2
6968,SUNY,1,0,0.0,21.9,8.9,-5.0,6.3
6969,SUNY,1,0,0.0,1.5,8.8,-6.3,11.0
6970,SUNY,1,0,0.0,2.7,4.8,6.3,6.2
6971,SUNY,1,0,0.0,-10.8,8.2,-26.9,6.9
6972,SUNY,1,0,0.0,-21.7,8.7,-9.9,5.0
6973,SUNY,1,0,0.0,8.0,7.6,-3.7,4.1
6974,SUNY,1,0,0.0,5.8,7.3,3.0,4.7
6975,SUNY,1,0,0.0,-10.1,11.1,-22.1,4.2
6976,SUNY,1,0,0.0,17.5,5.7,16.8,7.4
6977,SUNY,1,0,0.0,26.8,10.7,-10.1,5.2
6978,SUNY,1,0,0.0,29.5,11.3,-17.1,4.7
6979,SUNY,1,0,0.0,20.7,15.0,-19.7,2.8
6980,SUNY,1,0,0.0,13.1,5.9,19.9,9.6
6981,SUNY,1,0,0.0,16.5,10.8,-9.4,4.6
6982,SUNY,1,0,0.0,-20.0,5.3,2.7,11.7
6983,SUNY,1,0,0.0,-4.1,0.7,14.1,5.0
6984,SUNY,1,0,0.0,16.0,7.9,11.8,1.6
6985,SUNY,1,0,0.0,16.6,3.6,44.7,8.2
6986,SUNY,1,0,0.0,15.6,7.1,19.8,8.9
6987,SUNY,1,0,0.0,12.5,3.6,24.5,5.9
6988,SUNY,1,0,0.0,29.5,9.0,1.1,3.4
6989,SUNY,1,0,0.0,4.7,5.8,-3.7,4.6
6990,SUNY,1,0,0.0,40.5,12.5,-5.9,4.0
6991,SUNY,1,0,0.0,21.9,10.6,-8.7,2.5
6992,SUNY,1,0,0.0,28.8,7.7,10.4,4.9
6993,SUNY,1,0,0.0,37.7,7.9,18.5,4.7
6994,SUNY,1,0,0.0,5.9,9.2,10.5,4.9
6995,SUNY,1,0,0.0,12.0,6.2,12.1,6.5
6996,SUNY,1,0,0.0,24.6,5.1,21.0,5.0
6997,SUNY,1,0,0.0,38.5,9.7,9.9,2.5
6998,SUNY,1,0,0.0,33.5,5.5,13.0,3.7
6999,SUNY,1,0,0.0,22.9,3.5,32.3,6.8
7000,SUNY,1,0,0.0,27.8,6.8,15.9,4.6
7001,SUNY,1,0,0.0,20.4,3.9,28.9,10.0
7002,SUNY,1,0,0.0,36.1,9.6,-0.8,3.8
7003,SUNY,1,0,0.0,21.7,15.0,-14.8,5.8
7004,SUNY,1,0,0.0,9.1,8.2,-0.7,6.0
7005,SUNY,1,0,0.0,-19.6,4.8,12.2,9.2
7006,SUNY,1,0,0.0,30.0,13.6,-3.1,3.2
7007,SUNY,1,0,0.0,28.1,6.2,12.6,5.0
7008,SUNY,1,0,0.0,30.9,6.6,15.3,2.3
7009,SUNY,1,0,0.0,33.5,6.7,28.4,4.3
7010,SUNY,1,0,0.0,17.8,6.0,14.3,2.2
7011,SUNY,1,0,0.0,11.0,7.5,-6.6,5.4
7012,SUNY,1,0,0.0,5.5,6.0,22.6,5.6
7013,SUNY,1,0,0.0,34.9,10.1,12.9,3.2
7014,SUNY,1,0,0.0,33.1,3.5,28.1,5.5
7015,SUNY,1,0,0.0,40.4,11.8,-0.9,1.2
7016,SUNY,1,0,0.0,5.3,6.8,-4.6,7.2
7017,SUNY,1,0,0.0,43.0,5.8,38.8,4.7
7018,SUNY,1,0,0.0,18.3,7.5,-13.2,3.9
7019,SUNY,1,0,0.0,34.7,12.9,-15.0,3.7
7020,SUNY,1,0,0.0,21.8,6.5,12.7,3.9
7021,SUNY,1,0,0.0,10.6,5.1,21.2,6.6
7022,SUNY,1,0,0.0,8.9,4.9,25.2,10.4
7023,SUNY,1,0,0.0,5.2,6.9,17.8,8.7
7024,SUNY,1,0,0.0,13.0,4.7,34.2,7.3
7025,SUNY,1,0,0.0,4.8,8.5,14.8,7.8
7026,SUNY,1,0,0.0,33.1,7.5,15.2,3.1
7027,SUNY,1,0,0.0,5.7,6.4,25.3,12.3
7028,SUNY,1,0,0.0,31.3,8.5,20.1,3.8
7029,SUNY,1,0,0.0,22.1,2.7,44.8,5.7
7030,SUNY,1,0,0.0,27.5,9.5,-3.2,4.5
7031,SUNY,1,0,0.0,27.1,8.6,26.7,5.7
7032,SUNY,1,0,0.0,22.3,6.3,12.8,3.0
7033,SUNY,1,0,0.0,20.3,3.9,36.1,8.9
7034,SUNY,1,0,0.0,17.7,6.0,13.2,8.0
7035,SUNY,1,0,0.0,18.0,9.0,12.2,3.8
7036,SUNY,1,0,0.0,42.5,9.1,9.0,1.3
7037,SUNY,1,0,0.0,35.1,0.9,50.0,6.0
7038,SUNY,1,0,0.0,20.8,5.5,22.0,4.0
7039,SUNY,1,0,0.0,40.6,5.3,24.6,3.0
7040,SUNY,1,0,0.0,26.1,4.8,24.7,6.3
7041,SUNY,1,0,0.0,23.4,7.4,-5.0,1.5
7042,SUNY,1,0,0.0,38.8,5.7,18.9,1.8
7043,SUNY,1,0,0.0,36.3,9.9,15.8,3.8
7044,SUNY,1,0,0.0,39.2,5.7,34.7,2.9
7045,SUNY,1,0,0.0,43.4,14.2,-5.5,2.7
7046,SUNY,1,0,0.0,32.1,9.1,5.4,3.3
7047,SUNY,1,0,0.0,36.6,8.7,9.2,4.8
7048,SUNY,1,0,0.0,46.4,5.7,17.4,2.9
7049,SUNY,1,0,0.0,-2.3,3.9,19.0,10.9
7050,SUNY,1,0,0.0,26.4,8.2,24.0,2.2
7051,SUNY,1,0,0.0,32.3,3.9,22.5,3.6
7052,SUNY,1,0,0.0,36.5,10.0,15.3,5.3
7053,SUNY,1,0,0.0,32.2,6.2,24.4,4.2
7054,SUNY,1,0,0.0,30.5,4.4,35.3,2.5
7055,SUNY,1,0,0.0,30.7,8.4,-3.2,3.3
7056,SUNY,1,0,0.0,29.0,10.7,-9.2,3.6
7057,SUNY,1,0,0.0,28.1,8.8,16.8,4.3
7058,SUNY,1,0,0.0,17.6,8.7,11.5,7.6
7059,SUNY,1,0,0.0,34.6,5.1,8.9,1.9
7060,SUNY,1,0,0.0,-4.1,2.7,20.9,12.7
7061,SUNY,1,0,0.0,34.9,6.9,26.8,6.3
7062,SUNY,1,0,0.0,20.7,5.7,16.1,4.7
7063,SUNY,1,0,0.0,38.1,12.0,-4.7,3.4
7064,SUNY,1,0,0.0,33.4,5.6,24.7,5.5
7065,SUNY,1,0,0.0,44.9,8.5,15.7,2.2
7066,SUNY,1,0,0.0,36.1,7.5,31.3,6.5
7067,SUNY,1,0,0.0,27.1,10.4,5.1,4.6
7068,SUNY,1,0,0.0,51.7,11.7,10.2,0.7
7069,SUNY,1,0,0.0,22.3,6.7,32.3,11.2
7070,SUNY,1,0,0.0,35.1,9.7,10.1,5.6
7071,SUNY,1,0,0.0,48.7,9.9,1.1,0.8
7072,SUNY,1,0,0.0,17.0,4.7,27.8,4.8
7073,SUNY,1,0,0.0,27.2,5.8,11.4,3.5
7074,SUNY,1,0,0.0,36.6,5.6,33.8,4.4
7075,SUNY,1,0,0.0,26.1,10.2,-17.8,2.7
7076,SUNY,1,0,0.0,21.3,9.4,12.9,4.8
7077,SUNY,1,0,0.0,48.6,8.8,18.9,3.2
7078,SUNY,1,0,0.0,49.9,5.5,35.6,4.1
7079,SUNY,1,0,0.0,36.9,7.2,20.8,4.1
7080,SUNY,1,0,0.0,28.3,8.1,20.9,3.5
7081,SUNY,1,0,0.0,31.4,6.5,8.1,3.4
7082,SUNY,1,0,0.0,52.9,7.7,22.7,1.7
7083,SUNY,1,0,0.0,44.3,7.5,10.7,3.7
7084,SUNY,1,0,0.0,33.2,6.6,26.6,4.2
7085,SUNY,1,0,0.0,30.1,8.7,6.3,4.2
7086,SUNY,1,0,0.0,27.2,6.1,16.7,6.9
7087,SUNY,1,0,0.0,43.2,5.8,19.3,3.2
7088,SUNY,1,0,0.0,33.7,7.2,2.1,3.2
7089,SUNY,1,0,0.0,35.2,3.9,33.9,4.6
7090,SUNY,1,0,0.0,21.1,5.3,18.0,6.7
7091,SUNY,1,0,0.0,31.4,3.6,15.5,4.2
7092,SUNY,1,0,0.0,38.1,10.3,22.1,5.2
7093,SUNY,1,0,0.0,28.6,3.0,34.9,5.0
7094,SUNY,1,0,0.0,38.4,9.4,-4.7,2.1
7095,SUNY,1,0,0.0,23.5,3.2,26.3,4.5
7096,SUNY,1,0,0.0,49.1,9.7,38.7,3.7
7097,SUNY,1,0,0.0,46.3,8.0,14.9,2.6
7098,SUNY,1,0,0.0,39.2,3.7,36.1,2.4
7099,SUNY,1,0,0.0,44.3,9.4,14.6,4.4
7100,SUNY,1,0,0.0,44.3,7.7,27.6,2.0
7101,SUNY,1,0,0.0,31.2,4.1,35.4,5.2
7102,SUNY,1,0,0.0,30.6,3.3,35.4,6.8
7103,SUNY,1,0,0.0,26.8,4.2,24.3,2.8
7104,SUNY,1,0,0.0,33.5,9.3,17.7,7.6
7105,SUNY,1,0,0.0,47.7,8.1,25.3,1.7
7106,SUNY,1,0,0.0,55.7,11.4,16.0,3.4
7107,SUNY,1,0,0.0,34.0,6.5,24.5,2.9
7108,SUNY,1,0,0.0,25.8,8.5,9.3,6.3
7109,SUNY,1,0,0.0,44.5,9.3,25.7,4.2
7110,SUNY,1,0,0.0,48.2,6.6,28.5,1.9
7111,SUNY,1,0,0.0,45.1,4.6,34.3,6.5
7112,SUNY,1,0,0.0,38.3,5.3,23.4,2.3
7113,SUNY,1,0,0.0,24.5,5.0,32.5,5.6
7114,SUNY,1,0,0.0,39.3,5.9,20.3,2.7
7115,SUNY,1,0,0.0,38.8,8.2,17.4,3.4
7116,SUNY,1,0,0.0,32.1,9.0,24.3,1.9
7117,SUNY,1,0,0.0,46.3,7.8,26.3,3.5
7118,SUNY,1,0,0.0,28.7,10.7,22.8,3.7
7119,SUNY,1,0,0.0,34.6,7.6,12.2,2.0
7120,SUNY,1,0,0.0,37.5,9.0,22.2,3.7
7121,SUNY,1,0,0.0,36.3,6.6,31.5,2.6
7122,SUNY,1,0,0.0,39.4,3.4,41.4,3.0
7123,SUNY,1,0,0.0,46.4,7.5,39.5,3.7
7124,SUNY,1,0,0.0,57.0,5.1,42.2,1.4
7125,SUNY,1,0,0.0,50.1,8.3,27.0,2.9
7126,SUNY,1,0,0.0,34.1,1.8,42.6,3.9
7127,SUNY,1,0,0.0,47.0,5.2,35.2,1.4
7128,SUNY,1,0,0.0,38.6,5.7,43.6,3.0
7129,SUNY,1,0,0.0,44.8,9.6,15.8,3.3
7130,SUNY,1,0,0.0,28.5,7.0,39.1,6.7
7131,SUNY,1,0,0.0,51.7,7.0,33.7,1.1
7132,SUNY,1,0,0.0,35.9,5.2,31.2,3.8
7133,SUNY,1,0,0.0,41.7,8.9,39.6,3.7
7134,SUNY,1,0,0.0,57.7,7.1,32.3,1.7
7135,SUNY,1,0,0.0,43.4,4.1,41.3,3.0
7136,SUNY,1,0,0.0,42.0,11.8,13.2,2.2
7137,SUNY,1,0,0.0,47.4,10.4,12.5,2.5
7138,SUNY,1,0,0.0,47.7,9.1,12.3,1.2
7139,SUNY,1,0,0.0,28.5,5.0,18.7,5.1
7140,SUNY,1,0,0.0,58.1,6.5,35.8,3.4
7141,SUNY,1,0,0.0,36.7,10.3,21.1,3.3
7142,SUNY,1,0,0.0,55.7,5.6,35.2,2.9
7143,SUNY,1,0,0.0,22.8,4.1,12.5,5.0
7144,SUNY,1,0,0.0,49.8,5.3,37.6,1.5
7145,SUNY,1,0,0.0,53.0,5.5,37.2,2.4
7146,SUNY,1,0,0.0,38.4,6.0,15.4,4.6
7147,SUNY,1,0,0.0,41.3,7.4,20.7,4.8
7148,SUNY,1,0,0.0,46.7,4.9,48.2,2.2
7149,SUNY,1,0,0.0,49.9,5.5,29.1,3.7
7150,SUNY,1,0,0.0,34.5,2.4,53.9,4.7
7151,SUNY,1,0,0.0,36.6,3.5,39.2,2.0
7152,SUNY,1,0,0.0,55.9,9.8,26.3,1.3
7153,SUNY,1,0,0.0,25.5,5.1,26.6,4.6
7154,SUNY,1,0,0.0,54.2,8.5,30.3,1.5
7155,SUNY,1,0,0.0,17.7,7.5,19.5,2.2
7156,SUNY,1,0,0.0,43.7,7.9,27.9,1.8
7157,SUNY,1,0,0.0,57.5,7.7,22.4,2.2
7158,SUNY,1,0,0.0,42.2,10.3,8.5,3.8
7159,SUNY,1,0,0.0,45.1,5.4,31.5,3.8
7160,SUNY,1,0,0.0,50.3,8.5,18.9,2.9
7161,SUNY,1,0,0.0,38.2,5.1,38.2,4.6
7162,SUNY,1,0,0.0,50.5,7.7,22.2,2.8
7163,SUNY,1,0,0.0,45.5,5.5,42.7,4.4
7164,SUNY,1,0,0.0,58.5,10.0,25.5,2.0
7165,SUNY,1,0,0.0,36.2,3.2,46.4,6.1
7166,SUNY,1,0,0.0,37.2,7.3,27.4,4.9
7167,SUNY,1,0,0.0,45.1,8.3,25.1,1.8
7168,SUNY,1,0,0.0,40.7,5.1,39.3,2.5
7169,SUNY,1,0,0.0,35.1,4.5,19.9,5.4
7170,SUNY,1,0,0.0,52.8,6.5,30.3,1.6
7171,SUNY,1,0,0.0,45.4,7.7,35.2,2.1
7172,SUNY,1,0,0.0,47.4,11.7,18.3,2.1
7173,SUNY,1,0,0.0,56.4,7.3,34.0,1.7
7174,SUNY,1,0,0.0,53.1,6.5,34.6,2.3
7175,SUNY,1,0,0.0,49.8,7.0,20.4,3.0
7176,SUNY,1,0,0.0,45.1,5.0,41.4,1.8
7177,SUNY,1,0,0.0,55.8,7.5,48.5,3.4
7178,SUNY,1,0,0.0,51.0,5.2,34.2,1.1
7179,SUNY,1,0,0.0,52.9,4.2,49.7,2.4
7180,SUNY,1,0,0.0,56.8,4.8,44.6,2.1
7181,SUNY,1,0,0.0,49.9,5.7,43.0,2.0
7182,SUNY,1,0,0.0,54.9,7.8,39.4,2.1
7183,SUNY,1,0,0.0,61.2,7.4,32.0,1.0
7184,SUNY,1,0,0.0,45.2,6.7,37.5,3.2
7185,SUNY,1,0,0.0,46.5,7.4,30.0,3.4
7186,SUNY,1,0,0.0,47.4,9.7,31.8,2.2
7187,SUNY,1,0,0.0,58.5,3.0,53.6,2.5
7188,SUNY,1,0,0.0,56.6,6.6,30.0,3.3
7189,SUNY,1,0,0.0,59.1,4.1,45.6,3.1
7190,SUNY,1,0,0.0,52.7,6.7,35.5,0.5
7191,SUNY,1,0,0.0,39.3,9.5,33.0,1.9
7192,SUNY,1,0,0.0,47.2,5.8,49.1,3.3
7193,SUNY,1,0,0.0,52.2,2.6,49.2,5.4
7194,SUNY,1,0,0.0,43.4,4.7,36.7,4.6
7195,SUNY,1,0,0.0,35.3,3.0,39.0,3.5
7196,SUNY,1,0,0.0,46.4,3.3,38.9,2.8
7197,SUNY,1,0,0.0,38.0,1.1,46.2,3.2
7198,SUNY,1,0,0.0,49.7,9.3,34.4,2.5
7199,SUNY,1,0,0.0,63.2,6.9,37.2,1.5
7200,SUNY,1,0,0.0,46.5,5.4,29.3,3.2
7201,SUNY,1,0,0.0,61.2,6.1,41.8,1.1
7202,SUNY,1,0,0.0,33.2,6.2,35.6,5.8
7203,SUNY,1,0,0.0,49.0,4.4,48.1,4.1
7204,SUNY,1,0,0.0,60.2,4.8,47.5,3.0
7205,SUNY,1,0,0.0,48.8,5.3,36.2,3.7
7206,SUNY,1,0,0.0,46.7,3.0,46.9,4.2
7207,SUNY,1,0,0.0,43.8,6.2,25.4,1.7
7208,SUNY,1,0,0.0,39.8,3.6,47.5,5.6
7209,SUNY,1,0,0.0,42.9,9.2,38.9,2.4
7210,SUNY,1,0,0.0,56.7,6.9,46.7,2.1
7211,SUNY,1,0,0.0,53.6,3.8,40.7,2.3
7212,SUNY,1,0,0.0,52.3,4.5,35.2,1.1
7213,SUNY,1,0,0.0,25.9,5.3,34.3,5.1
7214,SUNY,1,0,0.0,35.9,3.7,39.2,3.8
7215,SUNY,1,0,0.0,60.9,2.9,56.9,2.1
7216,SUNY,1,0,0.0,55.4,10.9,13.7,1.1
7217,SUNY,1,0,0.0,40.8,5.7,36.3,2.6
7218,SUNY,1,0,0.0,55.9,7.6,43.0,2.0
7219,SUNY,1,0,0.0,50.4,3.0,44.4,2.9
7220,SUNY,1,0,0.0,48.4,2.2,52.7,3.3
7221,SUNY,1,0,0.0,37.0,3.3,48.1,3.8
7222,SUNY,1,0,0.0,52.8,3.5,46.3,2.0
7223,SUNY,1,0,0.0,52.4,6.1,46.1,1.4
7224,SUNY,1,0,0.0,51.9,8.1,30.6,1.8
7225,SUNY,1,0,0.0,51.9,7.1,22.3,2.7
7226,SUNY,1,0,0.0,51.9,2.3,52.5,2.8
7227,SUNY,1,0,0.0,56.3,5.5,37.1,1.7
7228,SUNY,1,0,0.0,57.7,1.4,52.9,2.0
7229,SUNY,1,0,0.0,38.0,3.8,34.4,3.9
7230,SUNY,1,0,0.0,58.6,7.0,52.1,1.9
7231,SUNY,1,0,0.0,45.1,5.7,40.5,3.0
7232,SUNY,1,0,0.0,57.9,6.4,42.3,0.8
7233,SUNY,1,0,0.0,52.1,8.5,28.0,2.3
7234,SUNY,1,0,0.0,52.0,7.2,38.5,3.8
7235,SUNY,1,0,0.0,46.0,6.2,42.8,3.5
7236,SUNY,1,0,0.0,53.5,2.2,59.4,3.1
7237,SUNY,1,0,0.0,64.0,8.2,46.4,2.2
7238,SUNY,1,0,0.0,47.1,2.6,50.3,6.1
7239,SUNY,1,0,0.0,50.0,5.7,52.4,3.9
7240,SUNY,1,0,0.0,44.0,4.6,30.4,1.3
7241,SUNY,1,0,0.0,58.4,6.9,35.3,1.7
7242,SUNY,1,0,0.0,51.1,3.8,49.7,3.5
7243,SUNY,1,0,0.0,62.5,4.4,56.6,1.3
7244,SUNY,1,0,0.0,54.8,8.8,31.5,2.4
7245,SUNY,1,0,0.0,47.9,1.6,56.5,3.7
7246,SUNY,1,0,0.0,51.7,2.7,51.9,3.9
7247,SUNY,1,0,0.0,58.9,6.8,36.6,2.1
7248,SUNY,1,0,0.0,53.5,2.0,67.7,5.6
7249,SUNY,1,0,0.0,49.9,4.0,53.6,5.6
7250,SUNY,1,0,0.0,46.0,4.5,39.9,2.9
7251,SUNY,1,0,0.0,50.0,7.8,35.8,2.6
7252,SUNY,1,0,0.0,65.8,5.9,58.5,2.1
7253,SUNY,1,0,0.0,47.2,6.8,35.2,1.8
7254,SUNY,1,0,0.0,46.4,6.6,42.3,3.0
7255,SUNY,1,0,0.0,60.9,3.4,63.4,1.9
7256,SUNY,1,0,0.0,63.7,4.4,39.4,2.2
7257,SUNY,1,0,0.0,56.0,4.2,65.8,3.9
7258,SUNY,1,0,0.0,63.4,6.2,39.2,1.9
7259,SUNY,1,0,0.0,56.0,6.2,49.2,2.5
7260,SUNY,1,0,0.0,60.9,2.6,57.7,0.8
7261,SUNY,1,0,0.0,59.0,6.7,42.3,2.6
7262,SUNY,1,0,0.0,51.5,2.8,55.8,2.3
7263,SUNY,1,0,0.0,52.4,2.7,54.4,1.3
7264,SUNY,1,0,0.0,59.8,3.9,52.1,1.9
7265,SUNY,1,0,0.0,52.7,6.8,38.5,2.2
7266,SUNY,1,0,0.0,66.4,8.0,30.6,1.8
7267,SUNY,1,0,0.0,42.6,5.2,28.5,3.3
7268,SUNY,1,0,0.0,57.2,4.2,55.0,2.3
7269,SUNY,1,0,0.0,62.3,5.1,60.6,2.8
7270,SUNY,1,0,0.0,59.8,2.2,53.4,2.4
7271,SUNY,1,0,0.0,58.4,6.0,40.9,2.1
7272,SUNY,1,0,0.0,47.8,3.2,49.9,2.6
7273,SUNY,1,0,0.0,64.7,5.6,43.7,1.3
7274,SUNY,1,0,0.0,64.7,7.2,36.7,0.9
7275,SUNY,1,0,0.0,67.6,9.9,29.4,1.5
7276,SUNY,1,0,0.0,54.2,6.9,38.0,3.9
7277,SUNY,1,0,0.0,51.8,3.2,50.0,1.2
7278,SUNY,1,0,0.0,54.0,2.6,56.2,4.4
7279,SUNY,1,0,0.0,52.7,4.5,33.6,1.9
7280,SUNY,1,0,0.0,59.2,7.7,32.7,2.4
7281,SUNY,1,0,0.0,64.3,6.0,48.1,2.2
7282,SUNY,1,0,0.0,63.9,3.4,56.8,2.0
7283,SUNY,1,0,0.0,68.4,8.4,29.1,0.6
7284,SUNY,1,0,0.0,52.1,5.9,53.4,2.6
7285,SUNY,1,0,0.0,67.4,6.9,38.8,2.0
7286,SUNY,1,0,0.0,71.7,4.6,50.5,1.6
7287,SUNY,1,0,0.0,51.3,2.8,51.0,3.4
7288,SUNY,1,0,0.0,64.5,7.0,43.9,1.9
7289,SUNY,1,0,0.0,53.8,2.0,57.2,2.7
7290,SUNY,1,0,0.0,52.0,3.5,49.4,1.5
7291,SUNY,1,0,0.0,49.2,4.8,39.5,2.4
7292,SUNY,1,0,0.0,70.5,7.5,51.7,1.5
7293,SUNY,1,0,0.0,50.0,1.3,62.1,2.7
7294,SUNY,1,0,0.0,57.4,3.6,55.6,2.5
7295,SUNY,1,0,0.0,63.9,6.1,46.1,2.2
7296,SUNY,1,0,0.0,62.8,5.1,47.4,0.6
7297,SUNY,1,0,0.0,57.6,4.3,58.6,1.2
7298,SUNY,1,0,0.0,56.5,5.2,34.9,3.0
7299,SUNY,1,0,0.0,65.6,4.5,46.3,1.8
7300,SUNY,1,0,0.0,61.2,7.0,51.2,3.6
7301,SUNY,1,0,0.0,50.5,2.7,56.0,3.3
7302,SUNY,1,0,0.0,64.8,5.8,53.7,1.2
7303,SUNY,1,0,0.0,62.5,5.7,54.7,2.4
7304,SUNY,1,0,0.0,41.8,4.5,47.5,2.8
7305,SUNY,1,0,0.0,66.2,6.7,37.7,1.7
7306,SUNY,1,0,0.0,63.2,4.4,59.9,1.5
7307,SUNY,1,0,0.0,59.3,7.1,50.0,3.6
7308,SUNY,1,0,0.0,63.1,8.5,40.2,2.8
7309,SUNY,1,0,0.0,62.1,3.5,66.7,4.1
7310,SUNY,1,0,0.0,62.4,5.4,45.2,1.8
7311,SUNY,1,0,0.0,57.6,2.5,63.8,3.8
7312,SUNY,1,0,0.0,56.1,7.4,42.7,1.8
7313,SUNY,1,0,0.0,53.3,8.6,29.2,2.4
7314,SUNY,1,0,0.0,57.6,7.5,49.9,4.1
7315,SUNY,1,0,0.0,69.6,6.5,44.1,2.3
7316,SUNY,1,0,0.0,68.1,5.0,56.1,1.4
7317,SUNY,1,0,0.0,61.1,1.6,62.3,3.5
7318,SUNY,1,0,0.0,39.8,7.1,25.7,4.7
7319,SUNY,1,0,0.0,56.5,6.7,52.3,2.8
7320,SUNY,1,0,0.0,50.2,6.4,50.3,6.1
7321,SUNY,1,0,0.0,67.6,5.0,47.2,0.7
7322,SUNY,1,0,0.0,65.7,3.2,50.6,3.3
7323,SUNY,1,0,0.0,50.5,2.4,57.0,1.7
7324,SUNY,1,0,0.0,59.7,1.9,68.9,2.9
7325,SUNY,1,0,0.0,70.3,2.7,65.7,0.9
7326,SUNY,1,0,0.0,63.0,6.3,51.4,1.5
7327,SUNY,1,0,0.0,47.6,4.8,31.5,2.9
7328,SUNY,1,0,0.0,61.7,4.2,60.3,3.3
7329,SUNY,1,0,0.0,56.4,4.1,61.2,4.8
7330,SUNY,1,0,0.0,43.2,5.9,47.2,3.8
7331,SUNY,1,0,0.0,59.0,2.5,60.8,2.7
7332,SUNY,1,0,0.0,66.7,4.7,62.9,1.0
7333,SUNY,1,0,0.0,58.3,4.9,48.0,1.6
7334,SUNY,1,0,0.0,54.4,5.2,48.5,2.7
7335,SUNY,1,0,0.0,60.7,4.8,51.3,3.3
7336,SUNY,1,0,0.0,51.8,4.9,61.9,5.0
7337,SUNY,1,0,0.0,63.6,6.7,43.2,1.1
7338,SUNY,1,0,0.0,65.0,7.5,50.2,1.7
7339,SUNY,1,0,0.0,62.0,6.5,44.9,2.8
7340,SUNY,1,0,0.0,68.8,7.4,45.7,1.1
7341,SUNY,1,0,0.0,74.5,3.9,61.0,1.8
7342,SUNY,1,0,0.0,66.0,3.8,63.0,0.8
7343,SUNY,1,0,0.0,64.3,3.5,58.0,1.6
7344,SUNY,1,0,0.0,63.3,3.8,48.1,2.3
7345,SUNY,1,0,0.0,58.9,4.3,54.5,1.7
7346,SUNY,1,0,0.0,73.9,5.8,47.3,0.7
7347,SUNY,1,0,0.0,57.2,4.3,44.0,1.8
7348,SUNY,1,0,0.0,60.7,3.9,54.7,3.9
7349,SUNY,1,0,0.0,51.1,4.2,49.0,2.6
7350,SUNY,1,0,0.0,55.4,4.0,52.3,2.4
7351,SUNY,1,0,0.0,64.6,7.0,50.3,1.6
7352,SUNY,1,0,0.0,73.2,6.1,55.5,1.6
7353,SUNY,1,0,0.0,51.9,3.5,58.4,2.7
7354,SUNY,1,0,0.0,74.8,5.1,58.7,1.0
7355,SUNY,1,0,0.0,64.0,7.3,47.2,1.0
7356,SUNY,1,0,0.0,62.3,5.6,57.4,2.1
7357,SUNY,1,0,0.0,66.4,4.5,53.0,2.2
7358,SUNY,1,0,0.0,66.5,3.3,54.1,3.1
7359,SUNY,1,0,0.0,59.9,6.0,54.1,2.7
7360,SUNY,1,0,0.0,67.2,3.0,57.8,1.2
7361,SUNY,1,0,0.0,59.3,6.6,46.9,0.5
7362,SUNY,1,0,0.0,62.8,5.4,58.8,1.7
7363,SUNY,1,0,0.0,58.8,4.9,64.0,2.6
7364,SUNY,1,0,0.0,57.3,3.1,56.2,2.3
7365,SUNY,1,0,0.0,60.3,5.0,55.3,1.5
7366,SUNY,1,0,0.0,65.0,7.6,47.1,2.2
7367,SUNY,1,0,0.0,57.0,4.7,50.3,3.2
7368,SUNY,1,0,0.0,65.5,5.0,53.4,0.8
7369,SUNY,1,0,0.0,61.8,3.4,56.1,1.5
7370,SUNY,1,0,0.0,57.7,4.2,39.6,1.6
7371,SUNY,1,0,0.0,60.8,6.3,53.2,2.2
7372,SUNY,1,0,0.0,66.9,4.0,54.8,2.8
7373,SUNY,1,0,0.0,64.1,1.6,58.8,1.9
7374,SUNY,1,0,0.0,69.4,3.5,59.6,1.3
7375,SUNY,1,0,0.0,65.3,2.7,59.8,2.1
7376,SUNY,1,0,0.0,62.1,5.6,60.9,3.7
7377,SUNY,1,0,0.0,72.2,5.8,61.9,2.3
7378,SUNY,1,0,0.0,64.8,6.2,50.4,2.8
7379,SUNY,1,0,0.0,72.8,3.6,56.1,1.0
7380,SUNY,1,0,0.0,56.0,4.2,54.8,2.1
7381,SUNY,1,0,0.0,61.4,4.6,52.8,1.9
7382,SUNY,1,0,0.0,73.4,5.4,51.7,0.9
7383,SUNY,1,0,0.0,73.3,6.7,46.3,0.9
7384,SUNY,1,0,0.0,62.1,4.2,54.4,1.6
7385,SUNY,1,0,0.0,62.7,3.7,58.7,1.6
7386,SUNY,1,0,0.0,67.9,5.0,57.0,1.6
7387,SUNY,1,0,0.0,68.5,5.3,58.0,0.7
7388,SUNY,1,0,0.0,73.6,4.7,61.4,1.3
7389,SUNY,1,0,0.0,63.5,2.6,57.2,2.7
7390,SUNY,1,0,0.0,66.7,3.9,68.7,1.2
7391,SUNY,1,0,0.0,67.3,7.3,43.0,1.9
7392,SUNY,1,0,0.0,60.5,4.6,45.4,2.7
7393,SUNY,1,0,0.0,72.6,5.2,61.7,2.9
7394,SUNY,1,0,0.0,61.1,4.8,59.5,1.8
7395,SUNY,1,0,0.0,55.3,3.3,57.6,1.8
7396,SUNY,1,0,0.0,71.2,3.9,60.1,0.8
7397,SUNY,1,0,0.0,69.8,6.8,48.7,0.8
7398,SUNY,1,0,0.0,70.9,5.0,66.6,3.1
7399,SUNY,1,0,0.0,75.6,6.2,55.2,1.1
7400,SUNY,1,0,0.0,60.4,1.0,67.6,3.0
7401,SUNY,1,0,0.0,76.9,2.8,66.3,0.8
7402,SUNY,1,0,0.0,63.1,4.6,62.1,3.1
7403,SUNY,1,0,0.0,72.6,4.7,63.9,1.8
7404,SUNY,1,0,0.0,75.1,3.3,66.7,2.0
7405,SUNY,1,0,0.0,58.1,2.8,65.0,2.9
7406,SUNY,1,0,0.0,58.5,2.2,67.3,3.6
7407,SUNY,1,0,0.0,60.2,4.5,58.8,3.0
7408,SUNY,1,0,0.0,67.9,7.0,47.6,0.5
7409,SUNY,1,0,0.0,60.7,3.6,53.3,1.3
7410,SUNY,1,0,0.0,74.7,5.1,56.5,1.0
7411,SUNY,1,0,0.0,66.1,2.5,67.4,2.3
7412,SUNY,1,0,0.0,75.0,5.2,59.1,1.6
7413,SUNY,1,0,0.0,70.4,4.6,60.2,2.0
7414,SUNY,1,0,0.0,73.3,9.1,51.1,1.0
7415,SUNY,1,0,0.0,76.1,2.8,68.8,0.9
7416,SUNY,1,0,0.0,69.5,6.9,46.7,1.3
7417,SUNY,1,0,0.0,69.5,3.2,64.8,1.2
7418,SUNY,1,0,0.0,71.2,4.9,60.5,1.9
7419,SUNY,1,0,0.0,67.8,4.0,62.7,0.7
7420,SUNY,1,0,0.0,68.7,3.5,68.0,3.0
7421,SUNY,1,0,0.0,73.4,3.6,60.9,1.3
7422,SUNY,1,0,0.0,55.6,4.6,35.3,1.4
7423,SUNY,1,0,0.0,60.4,2.5,66.4,3.1
7424,SUNY,1,0,0.0,73.0,2.6,71.3,1.7
7425,SUNY,1,0,0.0,63.5,4.6,57.9,2.1
7426,SUNY,1,0,0.0,70.8,3.9,58.6,2.2
7427,SUNY,1,0,0.0,68.1,2.8,67.9,1.8
7428,SUNY,1,0,0.0,52.0,4.2,54.3,2.4
7429,SUNY,1,0,0.0,64.9,4.5,51.5,1.0
7430,SUNY,1,0,0.0,65.8,3.2,56.0,3.2
7431,SUNY,1,0,0.0,75.8,2.6,64.9,1.0
7432,SUNY,1,0,0.0,68.4,6.1,56.0,1.1
7433,SUNY,1,0,0.0,69.6,2.7,67.9,2.1
7434,SUNY,1,0,0.0,72.8,5.3,60.7,0.8
7435,SUNY,1,0,0.0,67.0,4.7,54.7,1.7
7436,SUNY,1,0,0.0,76.1,5.3,72.2,0.7
7437,SUNY,1,0,0.0,74.6,5.4,59.3,1.0
7438,SUNY,1,0,0.0,68.0,2.9,67.5,2.8
7439,SUNY,1,0,0.0,64.2,3.9,59.6,2.7
7440,SUNY,1,0,0.0,67.8,3.2,69.5,2.2
7441,SUNY,1,0,0.0,63.4,2.0,61.6,1.3
7442,SUNY,1,0,0.0,57.4,5.3,57.1,2.5
7443,SUNY,1,0,0.0,52.5,2.0,67.0,3.2
7444,SUNY,1,0,0.0,68.6,2.2,60.0,1.8
7445,SUNY,1,0,0.0,74.0,4.8,63.8,1.1
7446,SUNY,1,0,0.0,62.5,3.2,62.7,1.4
7447,SUNY,1,0,0.0,73.0,4.6,60.7,1.5
7448,SUNY,1,0,0.0,70.6,4.7,64.5,2.7
7449,SUNY,1,0,0.0,65.2,1.4,67.4,2.3
7450,SUNY,1,0,0.0,63.0,5.7,50.5,2.9
7451,SUNY,1,0,0.0,64.5,6.5,56.1,1.6
7452,SUNY,1,0,0.0,76.1,3.6,64.9,1.1
7453,SUNY,1,0,0.0,72.5,2.7,67.1,1.5
7454,SUNY,1,0,0.0,57.4,4.4,56.6,3.4
7455,SUNY,1,0,0.0,66.6,2.2,64.0,1.4
7456,SUNY,1,0,0.0,60.8,6.4,52.4,0.4
7457,SUNY,1,0,0.0,73.4,2.5,65.9,2.2
7458,SUNY,1,0,0.0,74.5,5.1,62.4,1.0
7459,SUNY,1,0,0.0,59.7,2.3,65.2,2.0
7460,SUNY,1,0,0.0,58.7,3.7,71.5,3.8
7461,SUNY,1,0,0.0,60.2,5.3,48.0,1.5
7462,SUNY,1,0,0.0,66.9,2.5,66.7,2.1
7463,SUNY,1,0,0.0,65.0,3.3,65.4,0.8
7464,SUNY,1,0,0.0,70.3,5.1,58.2,1.0
7465,SUNY,1,0,0.0,65.4,5.3,55.9,1.6
7466,SUNY,1,0,0.0,69.4,4.0,69.0,1.9
7467,SUNY,1,0,0.0,69.2,6.9,45.0,1.8
7468,SUNY,1,0,0.0,72.9,3.1,56.1,0.9
7469,SUNY,1,0,0.0,75.8,5.0,60.8,1.9
7470,SUNY,1,0,0.0,70.8,3.5,64.3,1.0
7471,SUNY,1,0,0.0,71.6,3.1,64.9,2.2
7472,SUNY,1,0,0.0,67.2,4.9,64.0,0.7
7473,SUNY,1,0,0.0,66.0,3.2,67.1,2.9
7474,SUNY,1,0,0.0,73.0,2.0,61.5,1.1
7475,SUNY,1,0,0.0,80.6,5.7,59.5,0.3
7476,SUNY,1,0,0.0,65.8,3.7,64.9,2.5
7477,SUNY,1,0,0.0,71.9,4.1,73.9,2.9
7478,SUNY,1,0,0.0,74.8,2.7,74.4,0.5
7479,SUNY,1,0,0.0,66.3,5.0,65.0,2.6
7480,SUNY,1,0,0.0,57.0,2.7,56.4,2.7
7481,SUNY,1,0,0.0,72.5,3.2,71.9,1.4
7482,SUNY,1,0,0.0,77.5,4.5,66.0,1.6
7483,SUNY,1,0,0.0,74.4,4.7,69.2,1.1
7484,SUNY,1,0,0.0,72.7,5.0,62.7,2.2
7485,SUNY,1,0,0.0,66.9,2.3,66.8,1.9
7486,SUNY,1,0,0.0,78.2,4.6,70.0,1.8
7487,SUNY,1,0,0.0,72.8,2.6,57.2,1.1
7488,SUNY,1,0,0.0,69.9,4.4,63.8,1.4
7489,SUNY,1,0,0.0,69.7,3.4,64.0,1.0
7490,SUNY,1,0,0.0,74.0,3.8,58.3,0.5
7491,SUNY,1,0,0.0,75.7,2.5,67.5,1.0
7492,SUNY,1,0,0.0,68.7,4.2,56.9,1.5
7493,SUNY,1,0,0.0,75.5,4.3,67.4,2.0
7494,SUNY,1,0,0.0,75.8,3.1,69.7,1.9
7495,SUNY,1,0,0.0,73.7,3.5,63.0,0.7
7496,SUNY,1,0,0.0,68.8,1.8,77.0,1.6
7497,SUNY,1,0,0.0,70.7,4.8,61.4,1.4
7498,SUNY,1,0,0.0,72.8,1.9,72.2,1.3
7499,SUNY,1,0,0.0,71.4,5.5,61.9,0.8
7500,SUNY,1,0,0.0,78.1,3.8,68.9,1.3
7501,SUNY,1,0,0.0,70.1,4.3,63.7,0.9
7502,SUNY,1,0,0.0,66.6,2.5,68.2,1.9
7503,SUNY,1,0,0.0,65.4,3.8,74.1,1.5
7504,SUNY,1,0,0.0,79.4,4.9,59.3,0.6
7505,SUNY,1,0,0.0,71.7,3.1,60.3,2.9
7506,SUNY,1,0,0.0,73.2,4.8,64.8,1.3
7507,SUNY,1,0,0.0,76.6,4.4,62.7,1.4
7508,SUNY,1,0,0.0,68.0,3.4,55.5,1.4
7509,SUNY,1,0,0.0,76.9,5.4,63.8,0.3
7510,SUNY,1,0,0.0,65.2,4.0,63.4,2.2
7511,SUNY,1,0,0.0,81.0,5.9,65.3,1.0
7512,SUNY,1,0,0.0,70.5,3.1,73.6,0.5
7513,SUNY,1,0,0.0,82.0,3.1,66.6,0.5
7514,SUNY,1,0,0.0,73.8,4.6,67.8,1.1
7515,SUNY,1,0,0.0,74.9,3.2,69.8,1.7
7516,SUNY,1,0,0.0,72.4,6.3,52.1,1.8
7517,SUNY,1,0,0.0,76.8,3.6,77.9,1.1
7518,SUNY,1,0,0.0,70.6,3.3,72.2,0.9
7519,SUNY,1,0,0.0,66.9,4.1,63.4,0.6
7520,SUNY,1,0,0.0,72.0,6.1,61.8,1.6
7521,SUNY,1,0,0.0,64.7,2.2,70.6,1.6
7522,SUNY,1,0,0.0,76.2,2.5,70.7,1.3
7523,SUNY,1,0,0.0,79.4,2.6,71.9,1.1
7524,SUNY,1,0,0.0,79.9,5.8,56.9,0.6
7525,SUNY,1,0,0.0,75.9,3.7,76.6,1.4
7526,SUNY,1,0,0.0,75.0,4.5,63.6,1.6
7527,SUNY,1,0,0.0,68.7,4.4,64.4,1.1
7528,SUNY,1,0,0.0,72.1,2.9,59.0,1.0
7529,SUNY,1,0,0.0,76.8,2.6,73.3,0.8
7530,SUNY,1,0,0.0,68.1,3.5,73.0,1.7
7531,SUNY,1,0,0.0,73.8,4.8,61.5,2.0
7532,SUNY,1,0,0.0,77.3,2.9,68.4,2.2
7533,SUNY,1,0,0.0,79.5,4.1,70.8,0.9
7534,SUNY,1,0,0.0,68.2,4.7,43.5,1.8
7535,SUNY,1,0,0.0,79.4,3.7,70.4,1.4
7536,SUNY,1,0,0.0,83.1,3.6,63.7,0.4
7537,SUNY,1,0,0.0,76.4,4.4,71.0,1.0
7538,SUNY,1,0,0.0,65.8,2.8,69.2,1.4
7539,SUNY,1,0,0.0,63.1,1.9,70.6,1.9
7540,SUNY,1,0,0.0,63.3,2.6,65.6,1.7
7541,SUNY,1,0,0.0,80.2,6.0,64.5,1.4
7542,SUNY,1,0,0.0,74.2,2.8,61.1,1.0
7543,SUNY,1,0,0.0,73.9,4.7,60.6,1.1
7544,SUNY,1,0,0.0,75.6,2.5,69.8,0.6
7545,SUNY,1,0,0.0,79.3,3.4,66.1,1.1
7546,SUNY,1,0,0.0,76.0,3.4,73.9,1.6
7547,SUNY,1,0,0.0,71.7,1.8,75.4,2.1
7548,SUNY,1,0,0.0,74.0,4.1,68.1,0.4
7549,SUNY,1,0,0.0,78.0,6.4,62.6,0.9
7550,SUNY,1,0,0.0,71.8,4.3,61.8,1.8
7551,SUNY,1,0,0.0,82.2,5.2,67.6,0.7
7552,SUNY,1,0,0.0,77.4,5.0,65.7,1.0
7553,SUNY,1,0,0.0,82.9,4.6,63.2,1.0
7554,SUNY,1,0,0.0,77.1,4.1,64.2,0.6
7555,SUNY,1,0,0.0,71.4,2.5,65.5,2.3
7556,SUNY,1,0,0.0,81.2,4.2,68.3,1.1
7557,SUNY,1,0,0.0,75.6,4.6,70.8,1.0
7558,SUNY,1,0,0.0,78.4,3.0,70.5,1.7
7559,SUNY,1,0,0.0,72.8,4.9,60.3,1.3
7560,SUNY,1,0,0.0,76.8,4.0,65.8,1.2
7561,SUNY,1,0,0.0,73.8,4.2,68.8,0.8
7562,SUNY,1,0,0.0,76.1,3.9,65.4,1.1
7563,SUNY,1,0,0.0,71.8,2.6,70.5,2.1
7564,SUNY,1,0,0.0,61.9,3.2,64.9,1.7
7565,SUNY,1,0,0.0,73.2,4.2,66.5,1.3
7566,SUNY,1,0,0.0,77.5,3.3,66.9,1.2
7567,SUNY,1,0,0.0,78.2,5.4,70.1,0.6
7568,SUNY,1,0,0.0,69.6,3.1,70.7,1.7
7569,SUNY,1,0,0.0,67.2,1.7,74.2,1.3
7570,SUNY,1,0,0.0,77.9,3.6,73.7,0.5
7571,SUNY,1,0,0.0,71.7,3.6,74.8,0.8
7572,SUNY,1,0,0.0,70.8,3.9,66.2,0.9
7573,SUNY,1,0,0.0,76.7,4.3,67.7,1.4
7574,SUNY,1,0,0.0,75.8,2.4,70.8,1.7
7575,SUNY,1,0,0.0,70.3,2.1,73.4,2.0
7576,SUNY,1,0,0.0,75.9,3.8,71.2,2.0
7577,SUNY,1,0,0.0,76.5,3.8,70.0,1.5
7578,SUNY,1,0,0.0,79.8,2.0,75.7,0.8
7579,SUNY,1,0,0.0,77.8,5.4,65.3,1.0
7580,SUNY,1,0,0.0,76.1,4.2,67.9,2.3
7581,SUNY,1,0,0.0,81.4,3.5,66.4,1.6
7582,SUNY,1,0,0.0,76.8,4.8,71.2,1.3
7583,SUNY,1,0,0.0,77.8,3.4,67.4,0.8
7584,SUNY,1,0,0.0,71.3,2.9,70.7,3.2
7585,SUNY,1,0,0.0,70.8,2.8,67.8,1.7
7586,SUNY,1,0,0.0,74.6,4.4,66.7,1.4
7587,SUNY,1,0,0.0,76.9,4.4,71.9,2.1
7588,SUNY,1,0,0.0,77.1,2.4,74.8,1.6
7589,SUNY,1,0,0.0,78.0,2.4,72.5,0.8
7590,SUNY,1,0,0.0,69.9,3.0,71.2,0.9
7591,SUNY,1,0,0.0,73.7,3.4,66.8,0.7
7592,SUNY,1,0,0.0,70.6,1.9,66.6,1.6
7593,SUNY,1,0,0.0,72.8,3.9,71.2,1.7
7594,SUNY,1,0,0.0,73.5,4.2,65.0,0.6
7595,SUNY,1,0,0.0,74.1,6.4,56.2,0.8
7596,SUNY,1,0,0.0,78.9,2.6,68.4,1.7
7597,SUNY,1,0,0.0,73.5,2.4,66.1,2.1
7598,SUNY,1,0,0.0,71.2,4.0,69.5,1.6
7599,SUNY,1,0,0.0,82.7,3.7,79.2,0.6
7600,SUNY,1,0,0.0,84.6,3.9,69.2,0.3
7601,SUNY,1,0,0.0,78.2,3.0,73.1,1.0
7602,SUNY,1,0,0.0,77.3,3.7,65.0,0.4
7603,SUNY,1,0,0.0,78.8,5.6,66.3,0.5
7604,SUNY,1,0,0.0,74.1,3.1,66.9,1.3
7605,SUNY,1,0,0.0,73.2,1.9,74.5,1.3
7606,SUNY,1,0,0.0,75.3,1.9,76.2,2.1
7607,SUNY,1,0,0.0,75.9,2.5,67.0,1.7
7608,SUNY,1,0,0.0,78.9,3.3,73.6,1.3
7609,SUNY,1,0,0.0,76.1,4.8,71.6,1.5
7610,SUNY,1,0,0.0,74.9,5.2,65.9,1.3
7611,SUNY,1,0,0.0,77.1,4.3,76.3,0.8
7612,SUNY,1,0,0.0,74.5,1.5,79.2,2.9
7613,SUNY,1,0,0.0,71.5,1.4,71.0,2.2
7614,SUNY,1,0,0.0,74.0,6.0,72.2,1.2
7615,SUNY,1,0,0.0,78.5,3.0,74.9,1.1
7616,SUNY,1,0,0.0,78.6,4.4,72.3,1.4
7617,SUNY,1,0,0.0,79.4,2.8,75.5,0.5
7618,SUNY,1,0,0.0,72.5,3.2,70.0,1.5
7619,SUNY,1,0,0.0,71.3,4.4,63.4,1.3
7620,SUNY,1,0,0.0,75.6,3.9,74.1,1.0
7621,SUNY,1,0,0.0,74.1,2.5,75.0,1.4
7622,SUNY,1,0,0.0,75.0,4.1,70.3,0.7
7623,SUNY,1,0,0.0,81.8,3.9,74.7,1.5
7624,SUNY,1,0,0.0,76.0,3.5,74.7,1.3
7625,SUNY,1,0,0.0,74.3,3.6,72.3,2.0
7626,SUNY,1,0,0.0,83.0,2.6,72.2,0.7
7627,SUNY,1,0,0.0,79.9,3.4,71.5,0.9
7628,SUNY,1,0,0.0,77.0,3.2,73.6,2.3
7629,SUNY,1,0,0.0,78.3,3.9,67.5,0.4
7630,SUNY,1,0,0.0,81.9,3.2,73.4,1.0
7631,SUNY,1,0,0.0,73.1,4.4,70.0,0.9
7632,SUNY,1,0,0.0,75.2,2.9,78.0,2.3
7633,SUNY,1,0,0.0,81.9,3.6,72.8,1.3
7634,SUNY,1,0,0.0,78.1,2.6,67.9,0.8
7635,SUNY,1,0,0.0,78.5,2.6,75.9,1.3
7636,SUNY,1,0,0.0,81.0,2.1,79.6,0.4
7637,SUNY,1,0,0.0,71.3,1.3,77.9,1.5
7638,SUNY,1,0,0.0,74.8,2.3,78.8,1.4
7639,SUNY,1,0,0.0,78.1,1.0,73.2,0.8
7640,SUNY,1,0,0.0,73.2,0.8,79.3,2.2
7641,SUNY,1,0,0.0,79.6,3.6,75.6,1.7
7642,SUNY,1,0,0.0,80.0,2.5,76.7,1.5
7643,SUNY,1,0,0.0,79.5,2.9,69.5,0.6
7644,SUNY,1,0,0.0,77.8,4.1,76.8,1.3
7645,SUNY,1,0,0.0,80.7,4.5,71.6,2.4
7646,SUNY,1,0,0.0,73.7,3.9,69.0,1.8
7647,SUNY,1,0,0.0,81.2,3.2,77.7,1.8
7648,SUNY,1,0,0.0,78.6,4.3,72.6,0.8
7649,SUNY,1,0,0.0,81.8,3.3,76.4,1.3
7650,SUNY,1,0,0.0,80.5,3.3,72.1,1.1
7651,SUNY,1,0,0.0,79.7,2.8,78.3,1.2
7652,SUNY,1,0,0.0,84.2,3.4,73.0,0.2
7653,SUNY,1,0,0.0,74.9,2.6,73.1,1.8
7654,SUNY,1,0,0.0,82.7,3.3,73.8,0.9
7655,SUNY,1,0,0.0,75.1,2.7,71.2,1.0
7656,SUNY,1,0,0.0,80.4,3.0,73.4,0.5
7657,SUNY,1,0,0.0,73.7,1.4,72.6,0.3
7658,SUNY,1,0,0.0,77.4,3.0,75.3,2.3
7659,SUNY,1,0,0.0,80.1,3.5,75.9,1.0
7660,SUNY,1,0,0.0,78.7,2.6,79.2,0.6
7661,SUNY,1,0,0.0,77.1,2.7,77.2,0.9
7662,SUNY,1,0,0.0,80.7,3.5,73.5,0.9
7663,SUNY,1,0,0.0,80.6,2.0,82.2,1.0
7664,SUNY,1,0,0.0,84.8,3.0,78.2,0.7
7665,SUNY,1,0,0.0,82.2,3.6,77.5,0.3
7666,SUNY,1,0,0.0,77.1,4.0,70.1,0.8
7667,SUNY,1,0,0.0,77.8,2.0,78.2,1.2
7668,SUNY,1,0,0.0,77.2,2.1,78.7,1.7
7669,SUNY,1,0,0.0,72.7,2.2,77.4,2.0
7670,SUNY,1,0,0.0,84.0,4.6,72.8,0.7
7671,SUNY,1,0,0.0,81.1,2.5,79.3,0.3
7672,SUNY,1,0,0.0,77.1,3.9,71.0,1.1
7673,SUNY,1,0,0.0,84.6,3.0,77.5,0.8
7674,SUNY,1,0,0.0,75.9,4.1,70.4,1.0
7675,SUNY,1,0,0.0,74.8,4.4,70.2,0.6
7676,SUNY,1,0,0.0,78.9,2.6,77.3,1.4
7677,SUNY,1,0,0.0,73.5,2.0,75.6,1.0
7678,SUNY,1,0,0.0,80.0,2.3,77.0,0.8
7679,SUNY,1,0,0.0,74.3,2.1,68.8,1.4
7680,SUNY,1,0,0.0,78.7,2.6,76.0,0.8
7681,SUNY,1,0,0.0,82.5,3.1,79.0,1.1
7682,SUNY,1,0,0.0,78.4,3.9,68.5,0.9
7683,SUNY,1,0,0.0,80.1,2.4,81.3,0.9
7684,SUNY,1,0,0.0,82.8,5.0,70.4,0.7
7685,SUNY,1,0,0.0,80.6,5.2,65.0,0.8
7686,SUNY,1,0,0.0,81.4,2.7,78.3,1.0
7687,SUNY,1,0,0.0,79.2,4.0,75.1,0.5
7688,SUNY,1,0,0.0,83.7,3.2,76.5,0.7
7689,SUNY,1,0,0.0,85.7,1.6,82.8,0.5
7690,SUNY,1,0,0.0,73.4,4.2,64.7,0.8
7691,SUNY,1,0,0.0,84.1,3.7,73.3,0.6
7692,SUNY,1,0,0.0,79.6,2.0,79.2,1.4
7693,SUNY,1,0,0.0,83.0,2.3,80.5,0.9
7694,SUNY,1,0,0.0,84.5,4.3,73.8,0.7
7695,SUNY,1,0,0.0,85.4,2.7,77.8,1.2
7696,SUNY,1,0,0.0,78.4,3.7,77.6,0.6
7697,SUNY,1,0,0.0,72.9,3.1,76.0,0.5
7698,SUNY,1,0,0.0,82.5,4.0,77.6,0.6
7699,SUNY,1,0,0.0,85.2,3.5,79.0,0.4
7700,SUNY,1,0,0.0,74.8,3.4,74.8,0.9
7701,SUNY,1,0,0.0,80.5,3.1,79.6,0.8
7702,SUNY,1,0,0.0,76.5,3.4,68.1,0.8
7703,SUNY,1,0,0.0,81.5,2.7,79.6,0.6
7704,SUNY,1,0,0.0,79.2,3.2,75.6,1.4
7705,SUNY,1,0,0.0,73.1,3.6,70.6,1.6
7706,SUNY,1,0,0.0,72.9,3.6,71.3,1.7
7707,SUNY,1,0,0.0,77.8,2.2,75.7,1.0
7708,SUNY,1,0,0.0,81.6,3.2,78.7,1.2
7709,SUNY,1,0,0.0,81.6,3.5,79.1,0.8
7710,SUNY,1,0,0.0,82.9,4.2,74.7,0.5
7711,SUNY,1,0,0.0,81.9,2.6,74.1,0.5
7712,SUNY,1,0,0.0,76.2,4.2,76.9,0.7
7713,SUNY,1,0,0.0,84.6,1.8,80.5,0.8
7714,SUNY,1,0,0.0,75.0,2.2,80.1,0.6
7715,SUNY,1,0,0.0,84.2,3.0,78.6,0.7
7716,SUNY,1,0,0.0,82.4,3.6,78.4,0.4
7717,SUNY,1,0,0.0,83.3,2.6,73.3,0.7
7718,SUNY,1,0,0.0,82.0,1.9,79.8,1.4
7719,SUNY,1,0,0.0,83.5,2.8,69.0,0.6
7720,SUNY,1,0,0.0,87.9,2.8,75.4,0.2
7721,SUNY,1,0,0.0,76.2,3.2,75.0,0.8
7722,SUNY,1,0,0.0,82.1,2.1,79.4,1.0
7723,SUNY,1,0,0.0,76.2,4.1,71.3,1.0
7724,SUNY,1,0,0.0,79.3,3.0,80.3,0.8
7725,SUNY,1,0,0.0,82.1,3.0,79.1,0.4
7726,SUNY,1,0,0.0,77.3,1.9,76.7,0.8
7727,SUNY,1,0,0.0,85.2,3.3,78.3,1.1
7728,SUNY,1,0,0.0,82.2,2.4,79.5,1.3
7729,SUNY,1,0,0.0,84.5,3.7,78.0,0.9
7730,SUNY,1,0,0.0,84.2,3.6,79.5,1.4
7731,SUNY,1,0,0.0,81.8,3.8,72.5,1.3
7732,SUNY,1,0,0.0,82.9,3.1,68.6,0.4
7733,SUNY,1,0,0.0,79.0,2.6,77.2,1.3
7734,SUNY,1,0,0.0,81.9,3.1,77.1,0.4
7735,SUNY,1,0,0.0,79.7,1.7,76.5,0.7
7736,SUNY,1,0,0.0,83.5,2.5,81.5,0.3
7737,SUNY,1,0,0.0,81.0,3.0,74.6,1.0
7738,SUNY,1,0,0.0,83.7,5.8,69.1,0.6
7739,SUNY,1,0,0.0,85.0,1.7,82.2,0.8
7740,SUNY,1,0,0.0,83.5,3.0,76.9,0.5
7741,SUNY,1,0,0.0,81.4,1.1,77.9,0.8
7742,SUNY,1,0,0.0,78.7,3.6,76.5,1.1
7743,SUNY,1,0,0.0,77.5,2.2,77.6,0.3
7744,SUNY,1,0,0.0,78.0,1.7,73.4,0.5
7745,SUNY,1,0,0.0,78.7,2.2,80.9,0.7
7746,SUNY,1,0,0.0,78.7,3.0,79.2,0.6
7747,SUNY,1,0,0.0,83.8,2.1,82.1,0.5
7748,SUNY,1,0,0.0,83.3,3.3,76.4,0.7
7749,SUNY,1,0,0.0,81.8,3.3,80.8,0.4
7750,SUNY,1,0,0.0,78.7,2.8,78.9,1.3
7751,SUNY,1,0,0.0,80.4,3.6,79.2,0.5
7752,SUNY,1,0,0.0,83.3,2.6,78.1,0.5
7753,SUNY,1,0,0.0,82.4,2.8,77.9,0.1
7754,SUNY,1,0,0.0,85.7,3.9,75.8,0.1
7755,SUNY,1,0,0.0,81.6,1.3,79.8,1.1
7756,SUNY,1,0,0.0,81.6,2.8,79.0,1.9
7757,SUNY,1,0,0.0,83.4,2.5,80.4,0.3
7758,SUNY,1,0,0.0,77.1,3.2,74.9,1.5
7759,SUNY,1,0,0.0,86.0,2.7,84.0,1.5
7760,SUNY,1,0,0.0,81.6,3.3,80.7,0.4
7761,SUNY,1,0,0.0,84.9,3.4,77.7,0.6
7762,SUNY,1,0,0.0,85.3,3.4,77.2,0.9
7763,SUNY,1,0,0.0,84.1,3.4,75.9,0.8
7764,SUNY,1,0,0.0,74.6,2.2,82.1,1.2
7765,SUNY,1,0,0.0,85.3,2.0,80.1,0.3
7766,SUNY,1,0,0.0,85.2,4.6,75.9,0.3
7767,SUNY,1,0,0.0,85.5,1.8,79.5,0.7
7768,SUNY,1,0,0.0,85.5,3.8,77.0,0.4
7769,SUNY,1,0,0.0,81.9,1.7,81.9,1.2
7770,SUNY,1,0,0.0,82.8,4.1,75.0,0.1
7771,SUNY,1,0,0.0,84.6,2.1,80.4,0.4
7772,SUNY,1,0,0.0,85.3,4.1,77.6,0.6
7773,SUNY,1,0,0.0,79.3,2.2,79.5,0.4
7774,SUNY,1,0,0.0,81.9,3.1,79.7,0.9
7775,SUNY,1,0,0.0,84.4,2.3,79.5,0.9
7776,SUNY,1,0,0.0,80.3,2.6,80.2,0.7
7777,SUNY,1,0,0.0,84.5,2.1,81.0,0.9
7778,SUNY,1,0,0.0,79.5,3.4,75.5,0.5
7779,SUNY,1,0,0.0,87.4,3.1,82.6,0.2
7780,SUNY,1,0,0.0,81.6,2.5,82.2,0.6
7781,SUNY,1,0,0.0,81.7,1.7,78.0,0.7
7782,SUNY,1,0,0.0,79.6,1.3,85.2,1.2
7783,SUNY,1,0,0.0,86.0,2.7,75.8,0.5
7784,SUNY,1,0,0.0,83.5,2.9,74.6,0.2
7785,SUNY,1,0,0.0,83.2,4.0,73.8,0.6
7786,SUNY,1,0,0.0,82.4,3.9,77.6,0.4
7787,SUNY,1,0,0.0,81.0,2.3,81.3,0.8
7788,SUNY,1,0,0.0,85.6,2.6,76.1,0.6
7789,SUNY,1,0,0.0,84.3,3.2,80.7,1.4
7790,SUNY,1,0,0.0,80.8,2.3,78.3,1.0
7791,SUNY,1,0,0.0,80.2,2.2,81.8,0.3
7792,SUNY,1,0,0.0,79.8,2.0,78.4,0.5
7793,SUNY,1,0,0.0,79.8,1.9,81.4,1.3
7794,SUNY,1,0,0.0,82.1,5.6,70.4,0.9
7795,SUNY,1,0,0.0,84.9,2.8,79.1,0.7
7796,SUNY,1,0,0.0,82.5,2.1,82.3,0.7
7797,SUNY,1,0,0.0,80.1,2.3,81.2,0.7
7798,SUNY,1,0,0.0,85.5,3.8,82.9,0.5
7799,SUNY,1,0,0.0,83.5,3.2,75.8,0.4
7800,SUNY,1,0,0.0,83.4,2.6,82.3,0.1
7801,SUNY,1,0,0.0,84.6,2.2,80.7,0.3
7802,SUNY,1,0,0.0,81.2,2.5,80.5,0.5
7803,SUNY,1,0,0.0,84.6,1.9,84.8,0.8
7804,SUNY,1,0,0.0,84.1,2.5,75.0,0.4
7805,SUNY,1,0,0.0,85.3,3.0,77.9,0.8
7806,SUNY,1,0,0.0,81.4,2.5,80.0,1.4
7807,SUNY,1,0,0.0,85.7,2.5,81.2,0.6
7808,SUNY,1,0,0.0,83.8,2.3,80.9,0.4
7809,SUNY,1,0,0.0,87.4,1.9,81.4,0.7
7810,SUNY,1,0,0.0,87.3,2.4,78.5,0.2
7811,SUNY,1,0,0.0,85.7,3.3,77.9,0.1
7812,SUNY,1,0,0.0,81.4,1.6,82.3,1.5
7813,SUNY,1,0,0.0,84.2,2.9,79.6,0.6
7814,SUNY,1,0,0.0,85.1,2.8,77.1,0.3
7815,SUNY,1,0,0.0,84.3,2.5,82.4,0.1
7816,SUNY,1,0,0.0,83.1,2.5,81.4,1.2
7817,SUNY,1,0,0.0,81.6,2.9,79.8,1.2
7818,SUNY,1,0,0.0,82.7,2.9,78.1,1.6
7819,SUNY,1,0,0.0,83.3,1.9,84.3,0.8
7820,SUNY,1,0,0.0,85.3,1.9,83.5,0.5
7821,SUNY,1,0,0.0,87.4,4.2,78.1,0.4
7822,SUNY,1,0,0.0,80.9,1.4,81.5,1.5
7823,SUNY,1,0,0.0,83.4,2.7,81.5,0.2
7824,SUNY,1,0,0.0,82.4,2.2,80.6,0.7
7825,SUNY,1,0,0.0,82.1,3.2,76.5,0.6
7826,SUNY,1,0,0.0,83.6,1.7,84.2,0.4
7827,SUNY,1,0,0.0,83.5,2.8,80.9,0.9
7828,SUNY,1,0,0.0,83.3,2.3,79.0,0.7
7829,SUNY,1,0,0.0,82.4,3.8,79.4,0.3
7830,SUNY,1,0,0.0,85.2,3.0,79.5,0.4
7831,SUNY,1,0,0.0,87.0,6.3,77.1,0.5
7832,SUNY,1,0,0.0,81.4,2.8,81.5,1.5
7833,SUNY,1,0,0.0,83.1,2.8,81.1,0.3
7834,SUNY,1,0,0.0,88.2,4.1,80.3,0.0
7835,SUNY,1,0,0.0,84.4,2.5,81.1,1.1
7836,SUNY,1,0,0.0,84.5,2.4,82.4,0.4
7837,SUNY,1,0,0.0,87.7,2.4,83.9,0.7
7838,SUNY,1,0,0.0,85.3,3.3,77.9,0.3
7839,SUNY,1,0,0.0,81.7,3.6,80.9,0.4
7840,SUNY,1,0,0.0,84.1,3.0,80.5,0.8
7841,SUNY,1,0,0.0,83.7,2.4,84.2,1.1
7842,SUNY,1,0,0.0,87.6,2.1,83.5,0.8
7843,SUNY,1,0,0.0,84.1,2.0,84.8,0.4
7844,SUNY,1,0,0.0,86.5,2.2,82.0,0.4
7845,SUNY,1,0,0.0,84.9,3.1,77.9,0.5
7846,SUNY,1,0,0.0,86.0,3.5,80.8,0.4
7847,SUNY,1,0,0.0,87.5,2.2,82.1,0.3
7848,SUNY,1,0,0.0,83.7,2.9,81.9,0.5
7849,SUNY,1,0,0.0,87.6,4.6,74.6,0.3
7850,SUNY,1,0,0.0,88.4,2.8,83.0,0.5
7851,SUNY,1,0,0.0,77.4,1.8,82.2,0.6
7852,SUNY,1,0,0.0,83.9,2.4,81.1,0.5
7853,SUNY,1,0,0.0,87.2,2.3,87.6,0.2
7854,SUNY,1,0,0.0,85.1,2.0,80.6,0.4
7855,SUNY,1,0,0.0,83.5,1.8,81.8,0.7
7856,SUNY,1,0,0.0,86.6,2.3,85.5,0.1
7857,SUNY,1,0,0.0,84.9,2.6,80.2,0.7
7858,SUNY,1,0,0.0,88.9,3.1,79.9,0.6
7859,SUNY,1,0,0.0,86.0,2.6,82.9,0.8
7860,SUNY,1,0,0.0,88.1,1.6,85.7,0.4
7861,SUNY,1,0,0.0,87.1,2.1,84.3,0.1
7862,SUNY,1,0,0.0,84.4,3.9,74.0,0.5
7863,SUNY,1,0,0.0,87.6,2.7,85.5,0.1
7864,SUNY,1,0,0.0,84.3,3.9,78.7,0.6
7865,SUNY,1,0,0.0,83.8,3.2,77.8,0.7
7866,SUNY,1,0,0.0,88.0,1.7,83.3,0.4
7867,SUNY,1,0,0.0,89.5,2.6,78.0,0.4
7868,SUNY,1,0,0.0,87.2,3.2,79.5,0.7
7869,SUNY,1,0,0.0,83.8,2.3,81.9,0.4
7870,SUNY,1,0,0.0,86.4,1.9,83.7,0.6
7871,SUNY,1,0,0.0,86.5,1.9,83.1,0.9
7872,SUNY,1,0,0.0,84.5,1.7,83.8,1.3
7873,SUNY,1,0,0.0,84.3,1.6,85.9,0.8
7874,SUNY,1,0,0.0,86.7,1.9,82.1,0.5
7875,SUNY,1,0,0.0,88.5,2.7,79.9,0.2
7876,SUNY,1,0,0.0,87.2,3.0,85.7,0.3
7877,SUNY,1,0,0.0,86.2,3.7,84.9,0.6
7878,SUNY,1,0,0.0,83.3,1.1,83.5,0.1
7879,SUNY,1,0,0.0,86.1,1.9,84.0,1.2
7880,SUNY,1,0,0.0,84.1,1.6,80.8,0.3
7881,SUNY,1,0,0.0,84.5,2.2,80.7,0.2
7882,SUNY,1,0,0.0,86.4,3.2,81.1,0.3
7883,SUNY,1,0,0.0,86.5,1.6,83.5,0.8
7884,SUNY,1,0,0.0,87.3,2.5,82.8,0.4
7885,SUNY,1,0,0.0,86.4,3.0,82.8,0.4
7886,SUNY,1,0,0.0,82.3,2.4,82.3,0.7
7887,SUNY,1,0,0.0,85.7,2.4,82.6,0.1
7888,SUNY,1,0,0.0,85.3,2.2,82.8,0.2
7889,SUNY,1,0,0.0,86.7,2.5,82.4,0.7
7890,SUNY,1,0,0.0,84.7,1.2,86.7,0.3
7891,SUNY,1,0,0.0,89.2,2.4,85.3,0.3
7892,SUNY,1,0,0.0,85.9,1.7,84.4,0.7
7893,SUNY,1,0,0.0,88.8,1.7,85.3,0.5
7894,SUNY,1,0,0.0,86.6,2.5,85.0,0.1
7895,SUNY,1,0,0.0,80.1,1.8,84.0,0.3
7896,SUNY,1,0,0.0,88.1,2.6,82.3,0.2
7897,SUNY,1,0,0.0,80.9,1.5,82.2,0.6
7898,SUNY,1,0,0.0,86.6,2.7,83.4,0.0
7899,SUNY,1,0,0.0,88.8,2.7,83.2,0.2
7900,SUNY,1,0,0.0,82.8,1.6,87.2,0.4
7901,SUNY,1,0,0.0,89.1,2.7,83.2,0.1
7902,SUNY,1,0,0.0,83.9,3.0,81.2,0.3
7903,SUNY,1,0,0.0,82.7,1.7,85.3,0.4
7904,SUNY,1,0,0.0,85.9,2.3,86.3,0.4
7905,SUNY,1,0,0.0,89.3,2.6,84.2,0.0
7906,SUNY,1,0,0.0,86.5,2.2,85.5,0.4
7907,SUNY,1,0,0.0,88.9,2.6,81.3,0.4
7908,SUNY,1,0,0.0,83.1,2.3,83.8,0.8
7909,SUNY,1,0,0.0,86.6,2.6,79.1,0.3
7910,SUNY,1,0,0.0,88.9,1.5,84.8,0.0
7911,SUNY,1,0,0.0,85.4,2.2,86.8,0.3
7912,SUNY,1,0,0.0,88.2,2.3,83.0,0.3
7913,SUNY,1,0,0.0,87.5,2.6,77.2,0.2
7914,SUNY,1,0,0.0,88.6,3.7,81.4,0.2
7915,SUNY,1,0,0.0,82.9,1.6,86.4,0.7
7916,SUNY,1,0,0.0,90.1,2.0,84.0,0.1
7917,SUNY,1,0,0.0,86.4,1.9,83.7,0.1
7918,SUNY,1,0,0.0,89.9,1.4,84.3,0.2
7919,SUNY,1,0,0.0,88.9,1.9,86.5,0.0
7920,SUNY,1,0,0.0,86.9,2.4,85.4,0.2
7921,SUNY,1,0,0.0,89.1,2.0,84.1,0.3
7922,SUNY,1,0,0.0,88.3,1.9,86.1,0.1
7923,SUNY,1,0,0.0,88.4,2.9,81.1,0.1
7924,SUNY,1,0,0.0,82.2,1.7,83.8,0.5
7925,SUNY,1,0,0.0,87.6,2.0,83.4,1.0
7926,SUNY,1,0,0.0,88.2,1.9,83.2,0.3
7927,SUNY,1,0,0.0,89.6,2.0,87.2,0.0
7928,SUNY,1,0,0.0,87.0,2.4,83.5,0.5
7929,SUNY,1,0,0.0,89.7,2.1,86.2,0.0
7930,SUNY,1,0,0.0,88.3,2.8,84.2,0.2
7931,SUNY,1,0,0.0,86.1,1.8,84.9,0.7
7932,SUNY,1,0,0.0,84.9,2.4,81.6,0.3
7933,SUNY,1,0,0.0,85.5,2.1,86.0,0.0
7934,SUNY,1,0,0.0,88.0,3.0,83.1,0.2
7935,SUNY,1,0,0.0,88.3,1.7,86.1,0.5
7936,SUNY,1,0,0.0,87.1,1.8,84.6,0.6
7937,SUNY,1,0,0.0,85.8,1.8,80.8,0.2
7938,SUNY,1,0,0.0,90.0,2.9,82.9,0.1
7939,SUNY,1,0,0.0,87.9,1.6,85.5,0.9
7940,SUNY,1,0,0.0,89.1,2.4,80.3,0.1
7941,SUNY,1,0,0.0,89.5,2.7,84.3,0.0
7942,SUNY,1,0,0.0,86.2,1.9,83.0,0.2
7943,SUNY,1,0,0.0,86.7,2.6,83.5,0.1
7944,SUNY,1,0,0.0,89.6,2.2,84.5,0.2
7945,SUNY,1,0,0.0,87.0,2.6,83.9,0.2
7946,SUNY,1,0,0.0,86.4,2.2,84.4,0.2
7947,SUNY,1,0,0.0,88.3,2.8,83.2,0.4
7948,SUNY,1,0,0.0,89.7,2.2,84.9,0.0
7949,SUNY,1,0,0.0,85.9,3.2,79.9,0.2
7950,SUNY,1,0,0.0,84.3,1.9,84.7,0.3
7951,SUNY,1,0,0.0,89.4,2.0,86.7,0.2
7952,SUNY,1,0,0.0,88.9,2.4,84.8,0.3
7953,SUNY,1,0,0.0,83.1,1.7,84.0,0.4
7954,SUNY,1,0,0.0,89.1,1.5,84.1,0.4
7955,SUNY,1,0,0.0,89.3,1.6,88.2,0.1
7956,SUNY,1,0,0.0,88.1,1.9,84.1,0.2
7957,SUNY,1,0,0.0,89.0,2.2,85.2,0.2
7958,SUNY,1,0,0.0,90.8,2.6,85.1,0.1
7959,SUNY,1,0,0.0,85.8,2.1,82.6,0.5
7960,SUNY,1,0,0.0,88.4,2.4,86.6,0.4
7961,SUNY,1,0,0.0,87.9,2.2,87.0,0.0
7962,SUNY,1,0,0.0,85.2,2.7,84.7,0.1
7963,SUNY,1,0,0.0,87.7,1.3,83.4,0.7
7964,SUNY,1,0,0.0,86.8,3.9,79.0,0.0
7965,SUNY,1,0,0.0,88.5,4.1,78.4,0.2
7966,SUNY,1,0,0.0,87.3,2.8,82.5,0.1
7967,SUNY,1,0,0.0,86.6,1.6,86.0,0.1
7968,SUNY,1,0,0.0,87.4,2.1,85.6,0.1
7969,SUNY,1,0,0.0,88.5,1.2,86.9,0.4
7970,SUNY,1,0,0.0,88.1,2.5,84.2,0.3
7971,SUNY,1,0,0.0,87.4,2.0,85.1,0.1
7972,SUNY,1,0,0.0,88.7,2.1,87.1,0.2
7973,SUNY,1,0,0.0,88.6,1.6,86.0,0.5
7974,SUNY,1,0,0.0,90.6,2.6,85.6,0.2
7975,SUNY,1,0,0.0,88.4,1.8,87.8,0.5
7976,SUNY,1,0,0.0,84.8,1.6,84.9,0.3
7977,SUNY,1,0,0.0,88.3,1.9,85.7,0.4
7978,SUNY,1,0,0.0,86.8,2.9,80.5,0.6
7979,SUNY,1,0,0.0,87.8,1.5,85.5,0.3
7980,SUNY,1,0,0.0,87.4,2.3,85.3,0.0
7981,SUNY,1,0,0.0,89.4,1.2,87.2,0.2
7982,SUNY,1,0,0.0,89.9,1.8,85.7,0.2
7983,SUNY,1,0,0.0,87.7,1.4,87.8,0.1
7984,SUNY,1,0,0.0,88.3,2.0,83.4,0.4
7985,SUNY,1,0,0.0,90.1,1.5,86.9,0.8
7986,SUNY,1,0,0.0,88.4,2.2,86.2,0.4
7987,SUNY,1,0,0.0,87.4,2.5,83.5,0.0
7988,SUNY,1,0,0.0,87.7,2.3,87.3,0.4
7989,SUNY,1,0,0.0,89.1,1.4,87.7,0.4
7990,SUNY,1,0,0.0,90.6,1.8,87.7,0.3
7991,SUNY,1,0,0.0,89.3,1.7,87.2,0.2
7992,SUNY,1,0,0.0,88.5,2.3,87.1,0.3
7993,SUNY,1,0,0.0,90.7,2.6,85.9,0.1
7994,SUNY,1,0,0.0,87.6,2.1,86.9,0.2
7995,SUNY,1,0,0.0,89.7,1.8,87.7,0.1
7996,SUNY,1,0,0.0,88.4,1.7,86.9,0.0
7997,SUNY,1,0,0.0,90.0,3.3,84.1,0.0
7998,SUNY,1,0,0.0,89.3,1.4,85.9,0.0
7999,SUNY,1,0,0.0,87.8,2.1,86.2,0.6
